coach,team,season,predicted_wins,actual_wins,performance_score
Q. Snyder,ATL,2023,35.10484,36,0.8951606750488281
Q. Snyder,UTA,2021,41.752388,49,7.247611999511719
Q. Snyder,UTA,2020,37.55695,52,14.443050384521484
Q. Snyder,UTA,2019,43.389736,44,0.6102638244628906
Q. Snyder,UTA,2018,50.48954,50,-0.48954010009765625
Q. Snyder,UTA,2017,46.576744,48,1.4232559204101562
Q. Snyder,UTA,2016,48.937096,51,2.0629043579101562
Q. Snyder,UTA,2015,38.836365,40,1.16363525390625
Q. Snyder,UTA,2014,34.899418,38,3.1005821228027344
N. McMillan,ATL,2022,42.34178,41,-1.3417816162109375
N. McMillan,ATL,2021,56.471397,43,-13.471397399902344
N. McMillan,IND,2019,45.24472,45,-0.244720458984375
N. McMillan,IND,2018,49.1965,48,-1.1964988708496094
N. McMillan,IND,2017,48.060547,48,-0.060546875
N. McMillan,IND,2016,50.113617,42,-8.113616943359375
N. McMillan,OKC,2004,50.21889,52,1.7811088562011719
N. McMillan,OKC,2003,34.024723,37,2.9752769470214844
N. McMillan,OKC,2002,40.60275,40,-0.6027488708496094
N. McMillan,OKC,2001,46.177036,45,-1.1770362854003906
N. McMillan,POR,2011,35.501797,28,-7.501796722412109
N. McMillan,POR,2010,47.771492,48,0.22850799560546875
N. McMillan,POR,2009,50.10288,50,-0.10287857055664062
N. McMillan,POR,2008,40.806572,54,13.193428039550781
N. McMillan,POR,2007,40.82064,41,0.17935943603515625
N. McMillan,POR,2006,31.395514,32,0.6044864654541016
N. McMillan,POR,2005,20.52817,21,0.4718303680419922
L. Pierce,ATL,2020,40.904022,41,0.095977783203125
L. Pierce,ATL,2019,17.893213,20,2.1067867279052734
L. Pierce,ATL,2018,30.334818,29,-1.334817886352539
M. Budenholzer,ATL,2017,25.292706,24,-1.2927055358886719
M. Budenholzer,ATL,2016,48.646267,43,-5.646266937255859
M. Budenholzer,ATL,2015,47.130424,48,0.8695755004882812
M. Budenholzer,ATL,2014,59.101696,60,0.8983039855957031
M. Budenholzer,ATL,2013,39.73735,38,-1.7373504638671875
M. Budenholzer,MIL,2022,46.50658,58,11.493419647216797
M. Budenholzer,MIL,2021,54.954193,51,-3.954193115234375
M. Budenholzer,MIL,2020,44.263332,46,1.7366676330566406
M. Budenholzer,MIL,2019,58.652836,56,-2.6528358459472656
M. Budenholzer,MIL,2018,60.342415,60,-0.34241485595703125
L. Drew,ATL,2012,39.802853,44,4.197147369384766
L. Drew,ATL,2011,40.71106,40,-0.7110595703125
L. Drew,ATL,2010,44.519638,44,-0.5196380615234375
L. Drew,MIL,2013,11.28114,15,3.7188596725463867
M. Woodson,ATL,2009,52.997566,53,0.00243377685546875
M. Woodson,ATL,2008,47.411346,47,-0.411346435546875
M. Woodson,ATL,2007,35.28758,37,1.7124214172363281
M. Woodson,ATL,2006,30.401888,30,-0.4018878936767578
M. Woodson,ATL,2005,25.284307,26,0.7156925201416016
M. Woodson,ATL,2004,13.224712,13,-0.22471237182617188
M. Woodson,NYK,2013,37.371944,37,-0.3719444274902344
M. Woodson,NYK,2012,52.005184,54,1.9948158264160156
T. Stotts,ATL,2003,28.155882,28,-0.1558818817138672
T. Stotts,MIL,2006,27.459955,28,0.5400447845458984
T. Stotts,MIL,2005,38.902294,40,1.0977058410644531
T. Stotts,POR,2020,42.33308,42,-0.3330802917480469
T. Stotts,POR,2019,43.801517,35,-8.801517486572266
T. Stotts,POR,2018,49.891956,53,3.108043670654297
T. Stotts,POR,2017,45.167347,49,3.832653045654297
T. Stotts,POR,2016,41.446007,41,-0.44600677490234375
T. Stotts,POR,2015,43.544266,44,0.4557342529296875
T. Stotts,POR,2014,51.444496,51,-0.44449615478515625
T. Stotts,POR,2013,51.92591,54,2.0740890502929688
T. Stotts,POR,2012,31.379091,33,1.6209087371826172
L. Kruger,ATL,2002,33.26938,35,1.730621337890625
L. Kruger,ATL,2001,32.00673,33,0.9932708740234375
L. Kruger,ATL,2000,45.32696,25,-20.326961517333984
L. Wilkens,ATL,1997,46.3994,50,3.6006011962890625
L. Wilkens,NYK,2004,30.616104,33,2.3838958740234375
L. Wilkens,TOR,2002,50.469833,24,-26.469833374023438
L. Wilkens,TOR,2001,48.98256,42,-6.9825592041015625
L. Wilkens,TOR,2000,45.803177,47,1.1968231201171875
J. Mazzulla,BOS,2023,59.108894,64,4.891105651855469
J. Mazzulla,BOS,2022,54.39962,57,2.6003799438476562
I. Udoka,BOS,2021,48.527298,51,2.4727020263671875
I. Udoka,HOU,2023,43.933983,41,-2.9339828491210938
B. Stevens,BOS,2020,38.14463,36,-2.1446304321289062
B. Stevens,BOS,2019,46.08095,48,1.9190483093261719
B. Stevens,BOS,2018,49.507343,49,-0.5073432922363281
B. Stevens,BOS,2017,53.995693,55,1.0043067932128906
B. Stevens,BOS,2016,53.86492,53,-0.8649215698242188
B. Stevens,BOS,2015,43.260307,48,4.739692687988281
B. Stevens,BOS,2014,33.62864,40,6.371360778808594
B. Stevens,BOS,2013,25.01593,25,-0.01593017578125
D. Rivers,BOS,2012,40.219296,41,0.7807044982910156
D. Rivers,BOS,2011,48.628277,39,-9.628276824951172
D. Rivers,BOS,2010,56.54012,56,-0.5401191711425781
D. Rivers,BOS,2009,52.59535,50,-2.595348358154297
D. Rivers,BOS,2008,58.934574,62,3.0654258728027344
D. Rivers,BOS,2007,38.399895,66,27.60010528564453
D. Rivers,BOS,2006,25.316957,24,-1.3169574737548828
D. Rivers,BOS,2005,34.728218,33,-1.7282180786132812
D. Rivers,BOS,2004,45.09649,45,-0.09648895263671875
D. Rivers,LAC,2019,49.37982,49,-0.37982177734375
D. Rivers,LAC,2018,47.257954,48,0.7420463562011719
D. Rivers,LAC,2017,45.01883,42,-3.018829345703125
D. Rivers,LAC,2016,51.648487,51,-0.6484870910644531
D. Rivers,LAC,2015,52.40201,53,0.5979881286621094
D. Rivers,LAC,2014,56.47803,56,-0.4780311584472656
D. Rivers,LAC,2013,56.017464,57,0.9825363159179688
D. Rivers,ORL,2003,21.586803,21,-0.5868034362792969
D. Rivers,ORL,2002,41.763474,42,0.2365264892578125
D. Rivers,ORL,2001,43.041016,44,0.958984375
D. Rivers,ORL,2000,47.844727,43,-4.8447265625
D. Rivers,PHI,2022,54.58928,54,-0.5892791748046875
D. Rivers,PHI,2021,51.357616,51,-0.3576164245605469
D. Rivers,PHI,2020,38.304996,49,10.695003509521484
J. O'Brien,BOS,2003,35.08026,36,0.91973876953125
J. O'Brien,BOS,2002,43.678516,44,0.3214836120605469
J. O'Brien,BOS,2001,48.15122,49,0.8487815856933594
J. O'Brien,IND,2010,27.580238,37,9.419761657714844
J. O'Brien,IND,2009,30.374176,32,1.625823974609375
J. O'Brien,IND,2008,36.381428,36,-0.3814277648925781
J. O'Brien,IND,2007,30.628637,36,5.371362686157227
J. O'Brien,PHI,2004,37.726585,43,5.273414611816406
R. Pitino,BOS,2000,37.463917,36,-1.4639167785644531
R. Pitino,BOS,1997,29.310925,36,6.689075469970703
M. Carr,BOS,1996,14.417821,15,0.582179069519043
S. Clifford,CHA,2023,16.292936,21,4.707063674926758
S. Clifford,CHA,2022,24.172066,27,2.8279342651367188
S. Clifford,CHA,2017,37.35084,36,-1.3508415222167969
S. Clifford,CHA,2016,36.23925,36,-0.23925018310546875
S. Clifford,CHA,2015,43.228767,48,4.771232604980469
S. Clifford,CHA,2014,46.44882,33,-13.44881820678711
S. Clifford,CHA,2013,39.986588,43,3.0134124755859375
S. Clifford,ORL,2020,19.198343,21,1.801656723022461
S. Clifford,ORL,2019,30.243391,33,2.7566089630126953
S. Clifford,ORL,2018,27.291325,42,14.708675384521484
J. Borrego,CHA,2021,45.72332,43,-2.7233200073242188
J. Borrego,CHA,2020,27.889746,33,5.110254287719727
J. Borrego,CHA,2019,19.246952,23,3.7530479431152344
J. Borrego,CHA,2018,38.14796,39,0.8520393371582031
M. Dunlap,CHA,2012,12.422156,21,8.57784366607666
P. Silas,CHA,2011,22.976013,7,-15.97601318359375
P. Silas,CHA,2001,43.380444,44,0.6195564270019531
P. Silas,CHA,2000,47.47132,46,-1.4713211059570312
P. Silas,CLE,2004,48.251198,42,-6.251197814941406
P. Silas,CLE,2003,32.399315,35,2.6006851196289062
L. Brown,CHA,2010,35.703667,34,-1.7036666870117188
L. Brown,CHA,2009,28.07995,44,15.920049667358398
L. Brown,CHA,2008,24.497711,35,10.502288818359375
L. Brown,DET,2004,56.87797,54,-2.877971649169922
L. Brown,DET,2003,57.18154,54,-3.1815414428710938
L. Brown,IND,1996,41.838028,39,-2.8380279541015625
L. Brown,NYK,2005,22.012087,23,0.9879131317138672
L. Brown,PHI,2002,47.718384,48,0.2816162109375
L. Brown,PHI,2001,57.89501,43,-14.895011901855469
L. Brown,PHI,2000,51.08676,56,4.913238525390625
L. Brown,PHI,1997,30.476995,31,0.5230045318603516
S. Vincent,CHA,2007,30.917734,32,1.082265853881836
B. Bickerstaff,CHA,2006,32.405197,33,0.5948028564453125
B. Bickerstaff,DEN,1996,33.62156,21,-12.621559143066406
B. Bickerstaff,WAS,1997,41.33208,42,0.6679191589355469
D. Cowens,CHA,1997,48.56293,51,2.4370689392089844
D. Cowens,GSW,2001,16.598051,21,4.401948928833008
D. Cowens,GSW,2000,16.273123,17,0.7268772125244141
B. Donovan,CHI,2023,39.407482,39,-0.4074821472167969
B. Donovan,CHI,2022,39.817505,40,0.1824951171875
B. Donovan,CHI,2021,46.203457,46,-0.20345687866210938
B. Donovan,CHI,2020,28.97076,31,2.0292396545410156
B. Donovan,OKC,2019,45.947533,44,-1.9475326538085938
B. Donovan,OKC,2018,43.82968,49,5.170318603515625
B. Donovan,OKC,2017,47.65097,48,0.349029541015625
B. Donovan,OKC,2016,45.636604,47,1.3633956909179688
B. Donovan,OKC,2015,50.71144,55,4.2885589599609375
J. Boylen,CHI,2019,35.13255,22,-13.132549285888672
F. Hoiberg,CHI,2018,37.504856,22,-15.50485610961914
F. Hoiberg,CHI,2017,25.021833,27,1.9781665802001953
F. Hoiberg,CHI,2016,40.228863,41,0.7711372375488281
F. Hoiberg,CHI,2015,41.911747,42,0.08825302124023438
T. Thibodeau,CHI,2014,49.88983,50,0.11016845703125
T. Thibodeau,CHI,2013,46.626343,48,1.3736572265625
T. Thibodeau,CHI,2012,42.03368,45,2.966320037841797
T. Thibodeau,CHI,2011,43.358482,50,6.641517639160156
T. Thibodeau,CHI,2010,59.730507,62,2.2694931030273438
T. Thibodeau,MIN,2018,36.20105,36,-0.2010498046875
T. Thibodeau,MIN,2017,47.460583,47,-0.4605827331542969
T. Thibodeau,MIN,2016,44.281326,31,-13.281326293945312
T. Thibodeau,NYK,2023,49.538456,50,0.4615440368652344
T. Thibodeau,NYK,2022,41.926567,47,5.073432922363281
T. Thibodeau,NYK,2021,37.25453,37,-0.2545318603515625
T. Thibodeau,NYK,2020,33.446705,41,7.553295135498047
V. Del Negro,CHI,2009,40.328682,41,0.6713180541992188
V. Del Negro,CHI,2008,37.441483,41,3.5585174560546875
V. Del Negro,LAC,2012,39.356865,56,16.64313507080078
V. Del Negro,LAC,2011,35.91008,40,4.0899200439453125
V. Del Negro,LAC,2010,32.43462,32,-0.4346199035644531
S. Skiles,CHI,2007,53.773712,33,-20.773712158203125
S. Skiles,CHI,2006,46.44093,49,2.559070587158203
S. Skiles,CHI,2005,39.82712,41,1.1728782653808594
S. Skiles,CHI,2004,43.20175,47,3.798248291015625
S. Skiles,MIL,2012,39.707558,38,-1.7075576782226562
S. Skiles,MIL,2011,26.530827,31,4.469173431396484
S. Skiles,MIL,2010,33.149303,35,1.8506965637207031
S. Skiles,MIL,2009,19.310804,46,26.68919563293457
S. Skiles,MIL,2008,31.47289,34,2.527109146118164
S. Skiles,ORL,2015,36.046947,35,-1.0469474792480469
S. Skiles,PHO,2001,34.43287,36,1.5671310424804688
S. Skiles,PHO,2000,52.59142,51,-1.5914192199707031
B. Cartwright,CHI,2003,26.715675,23,-3.7156753540039062
B. Cartwright,CHI,2002,29.327375,30,0.6726245880126953
T. Floyd,CHI,2001,18.682983,21,2.3170166015625
T. Floyd,CHI,2000,14.398928,15,0.6010723114013672
P. Jackson,CHI,1997,55.54768,62,6.452320098876953
P. Jackson,CHI,1996,64.47092,69,4.529083251953125
P. Jackson,LAL,2010,53.913033,57,3.0869674682617188
P. Jackson,LAL,2009,56.650726,57,0.349273681640625
P. Jackson,LAL,2008,56.269806,65,8.730194091796875
P. Jackson,LAL,2007,55.71682,57,1.2831802368164062
P. Jackson,LAL,2006,41.30028,42,0.6997184753417969
P. Jackson,LAL,2005,36.583286,45,8.41671371459961
P. Jackson,LAL,2003,54.59553,56,1.4044685363769531
P. Jackson,LAL,2002,53.775562,50,-3.775562286376953
P. Jackson,LAL,2001,45.02451,58,12.97549057006836
P. Jackson,LAL,2000,53.197933,56,2.8020668029785156
J. Bickerstaff,CLE,2023,52.23589,48,-4.235889434814453
J. Bickerstaff,CLE,2022,50.745285,51,0.2547149658203125
J. Bickerstaff,CLE,2021,41.439117,44,2.560882568359375
J. Bickerstaff,CLE,2020,18.512228,22,3.487771987915039
J. Bickerstaff,MEM,2018,31.772757,33,1.227243423461914
J. Beilein,CLE,2019,30.76546,19,-11.765459060668945
T. Lue,CLE,2018,17.355104,19,1.6448955535888672
T. Lue,CLE,2017,38.372032,50,11.627967834472656
T. Lue,CLE,2016,47.243454,51,3.7565460205078125
T. Lue,LAC,2023,48.21682,51,2.7831802368164062
T. Lue,LAC,2022,38.76657,44,5.233428955078125
T. Lue,LAC,2021,59.77543,42,-17.775428771972656
T. Lue,LAC,2020,45.583557,47,1.41644287109375
D. Blatt,CLE,2015,53.044773,57,3.9552268981933594
D. Blatt,CLE,2014,48.082985,53,4.917015075683594
M. Brown,CLE,2013,26.056885,33,6.943115234375
M. Brown,CLE,2009,61.13674,61,-0.13674163818359375
M. Brown,CLE,2008,60.696392,66,5.303607940673828
M. Brown,CLE,2007,45.763237,45,-0.7632369995117188
M. Brown,CLE,2006,49.96934,50,0.030658721923828125
M. Brown,CLE,2005,49.619938,50,0.3800621032714844
M. Brown,LAL,2012,42.966476,45,2.0335235595703125
M. Brown,LAL,2011,39.41142,41,1.5885810852050781
M. Brown,SAC,2023,45.53341,46,0.46659088134765625
M. Brown,SAC,2022,44.686077,48,3.313922882080078
B. Scott,CLE,2012,27.64675,24,-3.646749496459961
B. Scott,CLE,2011,27.332905,21,-6.332904815673828
B. Scott,CLE,2010,19.906784,19,-0.9067840576171875
B. Scott,LAL,2015,32.67106,17,-15.671058654785156
B. Scott,LAL,2014,40.161484,21,-19.161483764648438
B. Scott,NJN,2003,48.549587,47,-1.5495872497558594
B. Scott,NJN,2002,55.80742,49,-6.8074188232421875
B. Scott,NJN,2001,32.685905,52,19.31409454345703
B. Scott,NJN,2000,38.4989,26,-12.4989013671875
B. Scott,NOH,2009,43.234978,37,-6.234977722167969
B. Scott,NOH,2008,45.974342,49,3.0256576538085938
B. Scott,NOH,2004,36.82071,18,-18.820709228515625
J. Lucas,CLE,2002,17.00936,17,-0.009359359741210938
J. Lucas,CLE,2001,25.763151,29,3.236848831176758
R. Wittman,CLE,2000,32.10855,30,-2.108551025390625
R. Wittman,MIN,2008,30.036604,24,-6.036603927612305
R. Wittman,MIN,2007,28.716187,22,-6.7161865234375
R. Wittman,WAS,2015,41.422863,41,-0.4228630065917969
R. Wittman,WAS,2014,46.131397,46,-0.13139724731445312
R. Wittman,WAS,2013,42.567616,44,1.4323844909667969
R. Wittman,WAS,2012,23.48941,29,5.510589599609375
M. Fratello,CLE,1997,44.48403,47,2.5159683227539062
M. Fratello,MEM,2006,24.723492,22,-2.723491668701172
M. Fratello,MEM,2005,48.427956,49,0.5720443725585938
J. Kidd,DAL,2023,50.03623,50,-0.036228179931640625
J. Kidd,DAL,2022,36.127476,38,1.8725242614746094
J. Kidd,DAL,2021,51.60377,52,0.3962287902832031
J. Kidd,MIL,2017,43.950924,44,0.049076080322265625
J. Kidd,MIL,2016,44.084324,42,-2.0843238830566406
J. Kidd,MIL,2015,54.167484,33,-21.167484283447266
J. Kidd,MIL,2014,25.229454,41,15.770545959472656
J. Kidd,NJN,2013,41.995975,44,2.0040245056152344
R. Carlisle,DAL,2020,40.358086,42,1.6419143676757812
R. Carlisle,DAL,2019,42.455418,43,0.5445823669433594
R. Carlisle,DAL,2018,31.914917,33,1.0850830078125
R. Carlisle,DAL,2017,24.224949,24,-0.22494888305664062
R. Carlisle,DAL,2016,33.21608,33,-0.2160797119140625
R. Carlisle,DAL,2015,29.450638,42,12.549362182617188
R. Carlisle,DAL,2014,47.628067,50,2.3719329833984375
R. Carlisle,DAL,2013,46.468033,49,2.5319671630859375
R. Carlisle,DAL,2012,36.392548,41,4.607452392578125
R. Carlisle,DAL,2011,44.82247,36,-8.822471618652344
R. Carlisle,DAL,2010,56.342785,57,0.6572151184082031
R. Carlisle,DAL,2009,48.453407,55,6.546592712402344
R. Carlisle,DAL,2008,48.317684,50,1.6823158264160156
R. Carlisle,DET,2002,48.234653,50,1.7653465270996094
R. Carlisle,DET,2001,48.112743,50,1.8872566223144531
R. Carlisle,IND,2023,47.08111,47,-0.08110809326171875
R. Carlisle,IND,2022,15.201664,35,19.798336029052734
R. Carlisle,IND,2021,21.24795,25,3.7520503997802734
R. Carlisle,IND,2006,35.284542,35,-0.2845420837402344
R. Carlisle,IND,2005,41.993217,41,-0.9932174682617188
R. Carlisle,IND,2004,45.417965,44,-1.4179649353027344
R. Carlisle,IND,2003,60.846054,61,0.1539459228515625
A. Johnson,DAL,2007,50.290333,51,0.7096672058105469
A. Johnson,DAL,2006,67.77887,67,-0.77886962890625
A. Johnson,DAL,2005,60.25612,60,-0.2561187744140625
A. Johnson,NJN,2012,45.14324,49,3.8567581176757812
A. Johnson,NJN,2011,26.14083,22,-4.140829086303711
A. Johnson,NJN,2010,19.885517,24,4.114482879638672
D. Nelson,DAL,2004,55.09008,58,2.9099197387695312
D. Nelson,DAL,2003,61.640995,52,-9.640995025634766
D. Nelson,DAL,2002,56.203968,60,3.796031951904297
D. Nelson,DAL,2001,50.756496,57,6.243503570556641
D. Nelson,DAL,2000,51.414715,53,1.5852851867675781
D. Nelson,GSW,2009,36.35391,26,-10.35390853881836
D. Nelson,GSW,2008,28.153282,29,0.8467178344726562
D. Nelson,GSW,2007,53.623123,48,-5.6231231689453125
D. Nelson,GSW,2006,41.313534,42,0.6864662170410156
J. Cleamons,DAL,1997,15.184217,20,4.81578254699707
J. Cleamons,DAL,1996,41.5734,24,-17.57339859008789
M. Malone,DEN,2023,43.72186,57,13.278141021728516
M. Malone,DEN,2022,50.96624,53,2.0337600708007812
M. Malone,DEN,2021,46.91372,48,1.0862808227539062
M. Malone,DEN,2020,45.37438,47,1.6256217956542969
M. Malone,DEN,2019,40.72507,46,5.274929046630859
M. Malone,DEN,2018,53.61758,54,0.3824195861816406
M. Malone,DEN,2017,41.373417,46,4.626583099365234
M. Malone,DEN,2016,40.49374,40,-0.4937400817871094
M. Malone,DEN,2015,28.743393,33,4.2566070556640625
M. Malone,SAC,2014,29.921223,29,-0.9212226867675781
M. Malone,SAC,2013,28.43067,28,-0.43066978454589844
B. Shaw,DEN,2014,31.16529,30,-1.1652908325195312
B. Shaw,DEN,2013,37.45134,36,-1.4513397216796875
G. Karl,DEN,2012,54.82657,57,2.173431396484375
G. Karl,DEN,2011,37.512146,38,0.48785400390625
G. Karl,DEN,2010,51.781326,50,-1.7813262939453125
G. Karl,DEN,2009,53.747196,53,-0.7471961975097656
G. Karl,DEN,2008,43.35953,54,10.64046859741211
G. Karl,DEN,2007,45.54509,50,4.4549102783203125
G. Karl,DEN,2006,45.650543,45,-0.650543212890625
G. Karl,DEN,2005,44.677345,44,-0.6773452758789062
G. Karl,MIL,2002,37.066864,42,4.933135986328125
G. Karl,MIL,2001,51.79094,41,-10.790939331054688
G. Karl,MIL,2000,53.427334,52,-1.4273338317871094
G. Karl,OKC,1997,63.130104,61,-2.1301040649414062
G. Karl,SAC,2015,29.816305,33,3.183694839477539
J. Bzdelik,DEN,2004,50.759487,49,-1.7594871520996094
J. Bzdelik,DEN,2003,45.018124,43,-2.0181236267089844
J. Bzdelik,DEN,2002,12.343415,17,4.656584739685059
D. Issel,DEN,2001,34.121887,27,-7.12188720703125
D. Issel,DEN,2000,43.75074,40,-3.7507400512695312
B. Hanzlik,DEN,1997,10.252471,11,0.7475290298461914
M. Williams,DET,2023,15.178201,14,-1.1782007217407227
M. Williams,NOH,2014,45.87351,45,-0.8735084533691406
M. Williams,NOH,2013,29.936726,34,4.063274383544922
M. Williams,NOH,2012,24.53598,27,2.464019775390625
M. Williams,NOH,2011,18.303751,21,2.696249008178711
M. Williams,NOH,2010,44.288162,46,1.7118377685546875
M. Williams,PHO,2022,40.75246,45,4.247539520263672
M. Williams,PHO,2021,60.435097,64,3.5649032592773438
M. Williams,PHO,2020,42.37324,51,8.626758575439453
M. Williams,PHO,2019,34.60648,34,-0.6064796447753906
D. Casey,DET,2022,15.540852,17,1.4591484069824219
D. Casey,DET,2021,24.360836,23,-1.3608360290527344
D. Casey,DET,2020,20.270096,20,-0.2700958251953125
D. Casey,DET,2019,18.55149,20,1.4485092163085938
D. Casey,DET,2018,40.10204,41,0.8979606628417969
D. Casey,MIN,2006,36.609043,32,-4.609043121337891
D. Casey,MIN,2005,44.34031,33,-11.340309143066406
D. Casey,TOR,2017,58.396866,59,0.6031341552734375
D. Casey,TOR,2016,54.001606,51,-3.001605987548828
D. Casey,TOR,2015,55.338013,56,0.6619873046875
D. Casey,TOR,2014,32.36869,49,16.631309509277344
D. Casey,TOR,2013,26.667503,48,21.332496643066406
D. Casey,TOR,2012,32.578987,34,1.4210128784179688
D. Casey,TOR,2011,28.115273,23,-5.115272521972656
S. Van Gundy,DET,2017,41.69386,39,-2.693859100341797
S. Van Gundy,DET,2016,35.19717,37,1.8028297424316406
S. Van Gundy,DET,2015,41.785988,44,2.2140121459960938
S. Van Gundy,DET,2014,33.99945,32,-1.99945068359375
S. Van Gundy,MIA,2005,58.324856,52,-6.324855804443359
S. Van Gundy,MIA,2004,35.2296,59,23.770401000976562
S. Van Gundy,MIA,2003,33.77023,42,8.22977066040039
S. Van Gundy,NOH,2020,29.832125,31,1.1678752899169922
S. Van Gundy,ORL,2011,38.906834,37,-1.9068336486816406
S. Van Gundy,ORL,2010,53.545906,52,-1.5459060668945312
S. Van Gundy,ORL,2009,61.009693,59,-2.009693145751953
S. Van Gundy,ORL,2008,61.59918,59,-2.5991783142089844
S. Van Gundy,ORL,2007,46.10637,52,5.8936309814453125
M. Cheeks,DET,2013,28.31563,29,0.6843700408935547
M. Cheeks,PHI,2008,40.353317,41,0.6466827392578125
M. Cheeks,PHI,2007,38.131695,40,1.8683052062988281
M. Cheeks,PHI,2006,36.66422,35,-1.6642189025878906
M. Cheeks,PHI,2005,38.02561,38,-0.02561187744140625
M. Cheeks,POR,2004,22.414114,27,4.585886001586914
M. Cheeks,POR,2003,49.91022,41,-8.910221099853516
M. Cheeks,POR,2002,50.63616,50,-0.6361618041992188
M. Cheeks,POR,2001,45.690685,49,3.309314727783203
L. Frank,DET,2012,29.659159,29,-0.6591587066650391
L. Frank,DET,2011,22.13174,25,2.8682594299316406
L. Frank,NJN,2009,11.593959,12,0.40604114532470703
L. Frank,NJN,2008,33.132366,34,0.8676338195800781
L. Frank,NJN,2007,35.211433,34,-1.2114334106445312
L. Frank,NJN,2006,49.734825,41,-8.734825134277344
L. Frank,NJN,2005,46.652626,49,2.3473739624023438
L. Frank,NJN,2004,42.068363,42,-0.06836318969726562
J. Kuester,DET,2010,27.22752,30,2.772480010986328
J. Kuester,DET,2009,24.854645,27,2.145355224609375
M. Curry,DET,2008,38.28898,39,0.7110214233398438
F. Saunders,DET,2007,58.762367,59,0.23763275146484375
F. Saunders,DET,2006,59.604282,53,-6.604282379150391
F. Saunders,DET,2005,62.970196,64,1.0298042297363281
F. Saunders,MIN,2014,17.48894,16,-1.4889392852783203
F. Saunders,MIN,2004,42.840565,44,1.1594352722167969
F. Saunders,MIN,2003,47.496567,58,10.503433227539062
F. Saunders,MIN,2002,48.48937,51,2.510631561279297
F. Saunders,MIN,2001,48.107086,50,1.892913818359375
F. Saunders,MIN,2000,53.89204,47,-6.892040252685547
F. Saunders,MIN,1997,27.553976,45,17.44602394104004
F. Saunders,MIN,1996,30.605808,40,9.39419174194336
F. Saunders,WAS,2011,28.07399,20,-8.073989868164062
F. Saunders,WAS,2010,21.503263,23,1.4967365264892578
F. Saunders,WAS,2009,36.86106,26,-10.861061096191406
G. Irvine,DET,2000,32.413494,32,-0.4134941101074219
D. Collins,DET,1997,53.61433,37,-16.614330291748047
D. Collins,DET,1996,42.652683,54,11.34731674194336
D. Collins,PHI,2012,32.45236,34,1.5476417541503906
D. Collins,PHI,2011,36.410477,35,-1.4104766845703125
D. Collins,PHI,2010,39.669098,41,1.330902099609375
D. Collins,WAS,2002,37.861477,37,-0.8614768981933594
D. Collins,WAS,2001,37.363323,37,-0.3633232116699219
S. Kerr,GSW,2023,44.13712,46,1.8628807067871094
S. Kerr,GSW,2022,50.247456,44,-6.247455596923828
S. Kerr,GSW,2021,50.375282,53,2.6247177124023438
S. Kerr,GSW,2020,37.715893,39,1.2841072082519531
S. Kerr,GSW,2019,11.579048,15,3.4209518432617188
S. Kerr,GSW,2018,52.54824,57,4.451759338378906
S. Kerr,GSW,2017,53.68092,58,4.319080352783203
S. Kerr,GSW,2016,60.218685,67,6.781314849853516
S. Kerr,GSW,2015,72.18715,73,0.8128509521484375
S. Kerr,GSW,2014,65.02882,67,1.9711837768554688
M. Jackson,GSW,2013,50.852688,51,0.14731216430664062
M. Jackson,GSW,2012,38.88968,47,8.110321044921875
M. Jackson,GSW,2011,22.37166,23,0.6283397674560547
K. Smart,GSW,2010,35.7335,36,0.2664985656738281
K. Smart,SAC,2012,25.1002,28,2.899799346923828
M. Montgomery,GSW,2005,40.345135,34,-6.345134735107422
M. Montgomery,GSW,2004,34.626465,34,-0.62646484375
E. Musselman,GSW,2003,37.031673,37,-0.031673431396484375
E. Musselman,GSW,2002,22.688232,38,15.311767578125
E. Musselman,SAC,2006,34.478855,33,-1.4788551330566406
P. Carlesimo,GSW,1997,19.037882,19,-0.03788185119628906
P. Carlesimo,OKC,2008,30.518553,23,-7.518552780151367
P. Carlesimo,OKC,2007,28.51468,20,-8.514680862426758
P. Carlesimo,POR,1996,48.80403,49,0.1959686279296875
R. Adelman,GSW,1996,28.868038,30,1.1319618225097656
R. Adelman,HOU,2010,44.638794,43,-1.6387939453125
R. Adelman,HOU,2009,44.572525,42,-2.5725250244140625
R. Adelman,HOU,2008,53.334663,53,-0.33466339111328125
R. Adelman,HOU,2007,53.929413,55,1.070587158203125
R. Adelman,MIN,2013,40.22967,40,-0.22967147827148438
R. Adelman,MIN,2012,46.066063,31,-15.066062927246094
R. Adelman,MIN,2011,24.822348,26,1.177652359008789
R. Adelman,SAC,2005,42.32897,44,1.6710281372070312
R. Adelman,SAC,2004,51.810246,50,-1.8102455139160156
R. Adelman,SAC,2003,50.778053,55,4.221946716308594
R. Adelman,SAC,2002,58.23876,59,0.7612380981445312
R. Adelman,SAC,2001,59.389317,61,1.6106834411621094
R. Adelman,SAC,2000,53.19976,55,1.8002395629882812
S. Silas,HOU,2022,22.968159,22,-0.9681587219238281
S. Silas,HOU,2021,17.085648,20,2.9143524169921875
S. Silas,HOU,2020,14.332379,17,2.6676206588745117
M. D'Antoni,HOU,2019,40.290054,44,3.7099456787109375
M. D'Antoni,HOU,2018,51.600925,53,1.3990745544433594
M. D'Antoni,HOU,2017,60.905952,65,4.094047546386719
M. D'Antoni,HOU,2016,40.505417,55,14.494583129882812
M. D'Antoni,LAL,2013,26.441319,27,0.5586814880371094
M. D'Antoni,NYK,2011,49.73006,36,-13.730060577392578
M. D'Antoni,NYK,2010,39.49422,42,2.505779266357422
M. D'Antoni,NYK,2009,27.365376,29,1.6346244812011719
M. D'Antoni,NYK,2008,28.43898,32,3.5610198974609375
M. D'Antoni,PHO,2007,55.62622,55,-0.626220703125
M. D'Antoni,PHO,2006,58.875435,61,2.1245651245117188
M. D'Antoni,PHO,2005,53.79859,54,0.20140838623046875
M. D'Antoni,PHO,2004,59.621914,62,2.3780860900878906
K. McHale,HOU,2015,51.561962,41,-10.561962127685547
K. McHale,HOU,2014,57.55295,56,-1.5529518127441406
K. McHale,HOU,2013,54.45422,54,-0.4542198181152344
K. McHale,HOU,2012,40.01997,45,4.980030059814453
K. McHale,HOU,2011,36.966114,34,-2.966114044189453
J. Van Gundy,HOU,2006,30.696672,52,21.303327560424805
J. Van Gundy,HOU,2005,35.07908,34,-1.0790786743164062
J. Van Gundy,HOU,2004,50.213146,51,0.7868537902832031
J. Van Gundy,HOU,2003,54.756565,45,-9.75656509399414
J. Van Gundy,NYK,2001,29.362137,30,0.6378631591796875
J. Van Gundy,NYK,2000,53.779823,48,-5.779823303222656
J. Van Gundy,NYK,1997,44.13003,43,-1.1300315856933594
J. Van Gundy,NYK,1996,56.93429,57,0.06570816040039062
R. Tomjanovich,HOU,2002,40.460777,43,2.5392227172851562
R. Tomjanovich,HOU,2001,30.993881,28,-2.9938812255859375
R. Tomjanovich,HOU,2000,42.869003,45,2.1309967041015625
R. Tomjanovich,HOU,1997,39.542526,41,1.4574737548828125
R. Tomjanovich,HOU,1996,57.419975,57,-0.41997528076171875
R. Tomjanovich,LAL,2004,34.39711,34,-0.3971099853515625
N. Bjorkgren,IND,2020,35.37841,34,-1.3784103393554688
F. Vogel,IND,2015,31.146637,45,13.853363037109375
F. Vogel,IND,2014,39.119682,38,-1.1196823120117188
F. Vogel,IND,2013,56.433933,56,-0.4339332580566406
F. Vogel,IND,2012,49.06794,49,-0.06793975830078125
F. Vogel,IND,2011,42.885624,42,-0.8856239318847656
F. Vogel,LAL,2021,33.078747,33,-0.07874679565429688
F. Vogel,LAL,2020,38.3406,42,3.6594009399414062
F. Vogel,LAL,2019,51.618504,52,0.3814964294433594
F. Vogel,ORL,2017,25.654953,25,-0.6549530029296875
F. Vogel,ORL,2016,28.955406,29,0.04459381103515625
F. Vogel,PHO,2023,41.09072,49,7.909278869628906
I. Thomas,IND,2002,50.330307,48,-2.3303070068359375
I. Thomas,IND,2001,34.24743,42,7.752571105957031
I. Thomas,IND,2000,40.371353,41,0.6286468505859375
I. Thomas,NYK,2007,43.540012,23,-20.54001235961914
I. Thomas,NYK,2006,31.465807,33,1.5341930389404297
L. Bird,IND,1997,58.606266,58,-0.6062660217285156
M. Dunleavy,LAC,2009,25.462431,29,3.537569046020508
M. Dunleavy,LAC,2008,29.808205,19,-10.808204650878906
M. Dunleavy,LAC,2007,23.178072,23,-0.1780719757080078
M. Dunleavy,LAC,2006,39.583035,40,0.4169654846191406
M. Dunleavy,LAC,2005,47.639923,47,-0.639923095703125
M. Dunleavy,LAC,2004,36.67322,37,0.3267784118652344
M. Dunleavy,LAC,2003,29.394802,28,-1.3948020935058594
M. Dunleavy,POR,2000,51.1577,50,-1.1576995849609375
M. Dunleavy,POR,1997,46.60107,46,-0.6010704040527344
A. Gentry,LAC,2002,49.566727,27,-22.566726684570312
A. Gentry,LAC,2001,40.79261,39,-1.7926101684570312
A. Gentry,LAC,2000,22.190027,31,8.809972763061523
A. Gentry,NOH,2019,28.615963,30,1.3840370178222656
A. Gentry,NOH,2018,44.664883,33,-11.66488265991211
A. Gentry,NOH,2017,46.463223,48,1.5367774963378906
A. Gentry,NOH,2016,37.306213,34,-3.30621337890625
A. Gentry,NOH,2015,29.10187,30,0.8981304168701172
A. Gentry,PHO,2012,22.125595,25,2.8744049072265625
A. Gentry,PHO,2011,43.69688,33,-10.696880340576172
A. Gentry,PHO,2010,42.80166,40,-2.8016586303710938
A. Gentry,PHO,2009,39.110317,54,14.88968276977539
B. Fitch,LAC,1997,19.997887,17,-2.9978866577148438
D. Ham,LAL,2023,49.783916,47,-2.783916473388672
D. Ham,LAL,2022,39.65764,43,3.3423614501953125
L. Walton,LAL,2018,39.975082,37,-2.9750823974609375
L. Walton,LAL,2017,36.01678,35,-1.0167808532714844
L. Walton,LAL,2016,22.635231,26,3.3647689819335938
L. Walton,SAC,2021,30.5732,30,-0.5732002258300781
L. Walton,SAC,2020,33.034367,31,-2.0343666076660156
L. Walton,SAC,2019,33.172802,31,-2.172801971435547
D. Harris,LAL,1997,61.07145,61,-0.07144927978515625
D. Harris,LAL,1996,50.890755,56,5.109245300292969
T. Jenkins,MEM,2023,26.660282,27,0.3397178649902344
T. Jenkins,MEM,2022,27.769869,51,23.230131149291992
T. Jenkins,MEM,2021,55.198174,56,0.8018264770507812
T. Jenkins,MEM,2020,37.606968,38,0.3930320739746094
T. Jenkins,MEM,2019,34.762558,34,-0.7625579833984375
D. Fizdale,MEM,2017,29.955,22,-7.954999923706055
D. Fizdale,MEM,2016,43.46817,43,-0.468170166015625
D. Fizdale,NYK,2019,22.992674,21,-1.9926738739013672
D. Fizdale,NYK,2018,17.267992,17,-0.2679920196533203
D. Joerger,MEM,2015,43.101517,42,-1.1015167236328125
D. Joerger,MEM,2014,53.59392,55,1.4060783386230469
D. Joerger,MEM,2013,48.219753,50,1.7802467346191406
D. Joerger,SAC,2018,28.690207,39,10.309793472290039
D. Joerger,SAC,2017,30.548096,27,-3.548095703125
D. Joerger,SAC,2016,31.5555,32,0.4444999694824219
L. Hollins,MEM,2012,53.74012,56,2.2598800659179688
L. Hollins,MEM,2011,41.40122,41,-0.4012184143066406
L. Hollins,MEM,2010,47.437935,46,-1.4379348754882812
L. Hollins,MEM,2009,30.039871,40,9.960128784179688
L. Hollins,NJN,2015,28.61045,21,-7.610450744628906
L. Hollins,NJN,2014,37.190617,38,0.8093833923339844
M. Iavaroni,MEM,2008,21.51482,24,2.485179901123047
M. Iavaroni,MEM,2007,23.427095,22,-1.4270954132080078
H. Brown,MEM,2004,50.751614,45,-5.751613616943359
H. Brown,MEM,2003,51.716293,50,-1.7162933349609375
S. Lowe,MEM,2002,25.85135,28,2.148649215698242
S. Lowe,MEM,2001,21.037172,23,1.9628276824951172
S. Lowe,MEM,2000,20.70301,23,2.2969894409179688
B. Hill,MEM,1997,16.989792,19,2.0102081298828125
B. Hill,OKC,2006,43.07505,31,-12.075050354003906
B. Hill,ORL,2006,41.699238,40,-1.6992378234863281
B. Hill,ORL,2005,34.3878,36,1.6122016906738281
E. Spoelstra,MIA,2023,43.440327,46,2.559673309326172
E. Spoelstra,MIA,2022,39.850155,44,4.149845123291016
E. Spoelstra,MIA,2021,53.074688,53,-0.07468795776367188
E. Spoelstra,MIA,2020,52.421116,40,-12.42111587524414
E. Spoelstra,MIA,2019,39.33546,44,4.664539337158203
E. Spoelstra,MIA,2018,41.01814,39,-2.018138885498047
E. Spoelstra,MIA,2017,28.35393,44,15.64607048034668
E. Spoelstra,MIA,2016,41.151093,41,-0.151092529296875
E. Spoelstra,MIA,2015,44.472916,48,3.5270843505859375
E. Spoelstra,MIA,2014,36.90512,37,0.094879150390625
E. Spoelstra,MIA,2013,50.64218,54,3.357818603515625
E. Spoelstra,MIA,2012,65.6946,66,0.30539703369140625
E. Spoelstra,MIA,2011,45.425426,46,0.5745735168457031
E. Spoelstra,MIA,2010,65.082306,58,-7.082305908203125
E. Spoelstra,MIA,2009,31.592583,47,15.407417297363281
E. Spoelstra,MIA,2008,43.13187,43,-0.13187026977539062
P. Riley,MIA,2007,14.787252,15,0.21274757385253906
P. Riley,MIA,2006,48.06869,44,-4.068691253662109
P. Riley,MIA,2002,24.877071,25,0.12292861938476562
P. Riley,MIA,2001,34.58592,36,1.4140815734863281
P. Riley,MIA,2000,55.766605,50,-5.766605377197266
P. Riley,MIA,1997,55.9643,55,-0.9642982482910156
A. Griffin,MIL,2023,42.136105,49,6.863895416259766
L. Krystkowiak,MIL,2007,27.43617,26,-1.4361705780029297
T. Porter,MIL,2004,33.100616,30,-3.100616455078125
T. Porter,MIL,2003,41.49381,41,-0.4938087463378906
T. Porter,PHO,2008,35.9524,46,10.047599792480469
C. Ford,MIL,1997,30.39641,36,5.60359001159668
C. Finch,MIN,2023,41.561142,56,14.438858032226562
C. Finch,MIN,2022,41.77683,42,0.22317123413085938
C. Finch,MIN,2021,41.143784,46,4.8562164306640625
R. Saunders,MIN,2020,23.198267,23,-0.19826698303222656
R. Saunders,MIN,2019,17.166136,19,1.8338642120361328
S. Mitchell,MIN,2015,26.968866,29,2.0311336517333984
S. Mitchell,TOR,2008,32.139687,33,0.8603134155273438
S. Mitchell,TOR,2007,40.4171,41,0.5829010009765625
S. Mitchell,TOR,2006,43.667454,47,3.3325462341308594
S. Mitchell,TOR,2005,30.61358,27,-3.6135807037353516
S. Mitchell,TOR,2004,30.432848,33,2.5671520233154297
K. Rambis,MIN,2010,16.220982,17,0.7790184020996094
K. Rambis,MIN,2009,12.748384,15,2.251615524291992
J. Vaughn,NJN,2023,31.06638,32,0.9336204528808594
J. Vaughn,ORL,2014,32.7376,25,-7.737598419189453
J. Vaughn,ORL,2013,43.80858,23,-20.808578491210938
J. Vaughn,ORL,2012,30.143305,20,-10.143304824829102
S. Nash,NJN,2022,39.131237,45,5.868762969970703
S. Nash,NJN,2021,55.971317,44,-11.971317291259766
S. Nash,NJN,2020,40.913113,48,7.086887359619141
K. Atkinson,NJN,2019,36.599255,35,-1.5992546081542969
K. Atkinson,NJN,2018,41.88029,42,0.11970901489257812
K. Atkinson,NJN,2017,27.446106,28,0.55389404296875
K. Atkinson,NJN,2016,19.313488,20,0.6865119934082031
J. Calipari,NJN,1997,38.60195,43,4.398048400878906
J. Calipari,NJN,1996,24.936539,26,1.0634613037109375
W. Green,NOH,2023,44.39694,49,4.603061676025391
W. Green,NOH,2022,40.33811,42,1.6618881225585938
W. Green,NOH,2021,34.899563,36,1.1004371643066406
J. Hornacek,NYK,2017,27.075583,29,1.924417495727539
J. Hornacek,NYK,2016,31.606924,31,-0.6069240570068359
J. Hornacek,PHO,2015,36.986553,23,-13.986553192138672
J. Hornacek,PHO,2014,39.552044,39,-0.5520439147949219
J. Hornacek,PHO,2013,43.870037,48,4.129962921142578
D. Fisher,NYK,2015,24.32075,32,7.679250717163086
D. Fisher,NYK,2014,36.323204,17,-19.323204040527344
D. Chaney,NYK,2003,40.919643,39,-1.9196434020996094
D. Chaney,NYK,2002,22.299623,37,14.700376510620117
M. Daigneault,OKC,2023,62.02442,57,-5.024421691894531
M. Daigneault,OKC,2022,36.18432,40,3.8156814575195312
M. Daigneault,OKC,2021,22.473938,24,1.52606201171875
M. Daigneault,OKC,2020,28.069597,22,-6.069597244262695
S. Brooks,OKC,2014,41.968372,45,3.031627655029297
S. Brooks,OKC,2013,57.813942,59,1.1860580444335938
S. Brooks,OKC,2012,59.913834,60,0.0861663818359375
S. Brooks,OKC,2011,45.567303,47,1.4326972961425781
S. Brooks,OKC,2010,53.48818,55,1.5118217468261719
S. Brooks,OKC,2009,29.327604,50,20.672395706176758
S. Brooks,WAS,2020,31.01556,34,2.9844398498535156
S. Brooks,WAS,2019,27.526205,25,-2.526205062866211
S. Brooks,WAS,2018,31.726751,32,0.27324867248535156
S. Brooks,WAS,2017,43.556656,43,-0.5566558837890625
S. Brooks,WAS,2016,49.165546,49,-0.16554641723632812
B. Weiss,OKC,2005,34.63965,35,0.3603515625
P. Westphal,OKC,2000,44.827374,44,-0.8273735046386719
P. Westphal,SAC,2011,20.612942,22,1.3870582580566406
P. Westphal,SAC,2010,23.409372,24,0.5906276702880859
P. Westphal,SAC,2009,21.930908,25,3.069091796875
J. Mosley,ORL,2023,49.281975,47,-2.2819747924804688
J. Mosley,ORL,2022,31.442987,34,2.5570125579833984
J. Mosley,ORL,2021,19.210815,22,2.7891845703125
J. Davis,ORL,2004,30.44656,36,5.553440093994141
J. Davis,PHI,1996,19.368967,22,2.631032943725586
C. Daly,ORL,1997,40.375607,41,0.6243934631347656
N. Nurse,PHI,2023,45.819004,47,1.1809959411621094
N. Nurse,TOR,2022,42.40809,41,-1.4080886840820312
N. Nurse,TOR,2021,30.187775,48,17.812225341796875
N. Nurse,TOR,2020,28.847763,27,-1.8477630615234375
N. Nurse,TOR,2019,50.683308,53,2.316692352294922
N. Nurse,TOR,2018,51.148533,58,6.851467132568359
B. Brown,PHI,2019,43.659805,43,-0.6598052978515625
B. Brown,PHI,2018,53.209217,51,-2.209217071533203
B. Brown,PHI,2017,52.308334,52,-0.3083343505859375
B. Brown,PHI,2016,28.471115,28,-0.4711151123046875
B. Brown,PHI,2015,30.714893,10,-20.714893341064453
B. Brown,PHI,2014,36.174603,18,-18.174602508544922
B. Brown,PHI,2013,28.656403,19,-9.656402587890625
E. Jordan,PHI,2009,27.532928,27,-0.532928466796875
E. Jordan,SAC,1997,25.462904,27,1.5370960235595703
E. Jordan,WAS,2008,40.518753,19,-21.518753051757812
E. Jordan,WAS,2007,40.41516,43,2.5848388671875
E. Jordan,WAS,2006,33.184128,41,7.8158721923828125
E. Jordan,WAS,2005,40.737186,42,1.2628135681152344
E. Jordan,WAS,2004,43.281544,45,1.7184562683105469
E. Jordan,WAS,2003,37.58947,25,-12.589469909667969
R. Ayers,PHI,2003,33.82674,33,-0.8267402648925781
I. Kokoskov,PHO,2018,19.271935,19,-0.27193450927734375
E. Watson,PHO,2017,22.772083,21,-1.7720832824707031
E. Watson,PHO,2016,22.494816,24,1.5051841735839844
F. Johnson,PHO,2003,29.45059,29,-0.4505901336669922
F. Johnson,PHO,2002,44.274567,44,-0.274566650390625
D. Ainge,PHO,1997,56.73343,56,-0.733428955078125
C. Billups,POR,2023,34.875374,21,-13.875373840332031
C. Billups,POR,2022,30.482138,33,2.517862319946289
C. Billups,POR,2021,50.354183,27,-23.354183197021484
R. Theus,SAC,2008,18.396935,17,-1.3969345092773438
R. Theus,SAC,2007,30.995903,38,7.004096984863281
G. Popovich,SAS,2023,23.30744,22,-1.3074398040771484
G. Popovich,SAS,2022,18.829933,22,3.1700668334960938
G. Popovich,SAS,2021,31.044193,34,2.9558067321777344
G. Popovich,SAS,2020,33.47077,33,-0.47077178955078125
G. Popovich,SAS,2019,45.885147,32,-13.885147094726562
G. Popovich,SAS,2018,45.190186,48,2.809814453125
G. Popovich,SAS,2017,43.17694,47,3.82305908203125
G. Popovich,SAS,2016,57.85722,61,3.142780303955078
G. Popovich,SAS,2015,63.509514,67,3.4904861450195312
G. Popovich,SAS,2014,58.120792,55,-3.1207923889160156
G. Popovich,SAS,2013,60.72608,62,1.2739181518554688
G. Popovich,SAS,2012,55.979042,58,2.0209579467773438
G. Popovich,SAS,2011,51.724457,50,-1.724456787109375
G. Popovich,SAS,2010,59.21781,61,1.7821884155273438
G. Popovich,SAS,2009,51.050537,50,-1.050537109375
G. Popovich,SAS,2008,54.662334,54,-0.6623344421386719
G. Popovich,SAS,2007,57.210968,56,-1.210968017578125
G. Popovich,SAS,2006,57.255424,58,0.7445755004882812
G. Popovich,SAS,2005,59.602875,63,3.397125244140625
G. Popovich,SAS,2004,57.20306,59,1.7969398498535156
G. Popovich,SAS,2003,58.833866,57,-1.8338661193847656
G. Popovich,SAS,2002,64.4821,60,-4.4821014404296875
G. Popovich,SAS,2001,62.24314,58,-4.243141174316406
G. Popovich,SAS,2000,59.57418,58,-1.5741806030273438
G. Popovich,SAS,1997,55.03776,56,0.9622383117675781
D. Rajakovic,TOR,2023,28.70633,25,-3.706329345703125
J. Triano,TOR,2010,21.20497,22,0.7950305938720703
J. Triano,TOR,2009,39.37509,40,0.624908447265625
K. O'Neill,TOR,2003,28.578114,33,4.421886444091797
D. Walker,TOR,1997,15.004971,16,0.9950294494628906
W. Hardy,UTA,2023,34.624176,31,-3.624176025390625
W. Hardy,UTA,2022,35.575348,37,1.424652099609375
T. Corbin,UTA,2013,25.138239,25,-0.13823890686035156
T. Corbin,UTA,2012,43.5814,43,-0.5814018249511719
T. Corbin,UTA,2011,31.45826,36,4.541740417480469
J. Sloan,UTA,2010,41.32555,39,-2.325550079345703
J. Sloan,UTA,2009,52.896095,53,0.10390472412109375
J. Sloan,UTA,2008,50.810062,48,-2.8100624084472656
J. Sloan,UTA,2007,44.472565,54,9.527435302734375
J. Sloan,UTA,2006,43.024635,51,7.975364685058594
J. Sloan,UTA,2005,41.626785,41,-0.6267852783203125
J. Sloan,UTA,2004,25.893038,26,0.10696220397949219
J. Sloan,UTA,2003,44.033512,42,-2.0335121154785156
J. Sloan,UTA,2002,50.37773,47,-3.3777313232421875
J. Sloan,UTA,2001,46.65569,44,-2.655689239501953
J. Sloan,UTA,2000,53.93007,53,-0.9300689697265625
J. Sloan,UTA,1997,61.662865,62,0.33713531494140625
W. Unseld,WAS,2023,13.998434,15,1.001565933227539
W. Unseld,WAS,2022,34.49904,35,0.5009613037109375
W. Unseld,WAS,2021,29.723972,35,5.276027679443359
L. Hamilton,WAS,2000,23.12836,19,-4.128360748291016
