season,team,Odds,wins_ou,Likelihood
1984-85,BOS,+200,N/A,0.3333333333333333
1984-85,LAL,+200,N/A,0.3333333333333333
1984-85,PHI,+250,N/A,0.2857142857142857
1984-85,NYK,+500,N/A,0.16666666666666666
1984-85,DET,+600,N/A,0.14285714285714285
1984-85,POR,+800,N/A,0.1111111111111111
1984-85,MIL,+800,N/A,0.1111111111111111
1984-85,OKC,+1000,N/A,0.09090909090909091
1984-85,NJN,+1000,N/A,0.09090909090909091
1984-85,UTA,+1200,N/A,0.07692307692307693
1984-85,HOU,+1200,N/A,0.07692307692307693
1984-85,DAL,+1500,N/A,0.0625
1984-85,PHO,+1500,N/A,0.0625
1984-85,WAS,+2000,N/A,0.047619047619047616
1984-85,DEN,+2000,N/A,0.047619047619047616
1984-85,SAS,+2500,N/A,0.038461538461538464
1984-85,ATL,+2500,N/A,0.038461538461538464
1984-85,LAC,+3500,N/A,0.027777777777777776
1984-85,,+3500,N/A,0.027777777777777776
1984-85,GSW,+5000,N/A,0.0196078431372549
1984-85,CHI,+5000,N/A,0.0196078431372549
1984-85,IND,+7500,N/A,0.013157894736842105
1984-85,CLE,+7500,N/A,0.013157894736842105
1985-86,LAL,+160,N/A,0.38461538461538464
1985-86,BOS,+250,N/A,0.2857142857142857
1985-86,PHI,+350,N/A,0.2222222222222222
1985-86,MIL,+400,N/A,0.2
1985-86,HOU,+700,N/A,0.125
1985-86,DET,+800,N/A,0.1111111111111111
1985-86,POR,+1000,N/A,0.09090909090909091
1985-86,DAL,+1000,N/A,0.09090909090909091
1985-86,DEN,+1500,N/A,0.0625
1985-86,NYK,+1500,N/A,0.0625
1985-86,NJN,+1500,N/A,0.0625
1985-86,WAS,+2000,N/A,0.047619047619047616
1985-86,PHO,+3000,N/A,0.03225806451612903
1985-86,CLE,+3000,N/A,0.03225806451612903
1985-86,SAS,+3500,N/A,0.027777777777777776
1985-86,LAC,+4000,N/A,0.024390243902439025
1985-86,OKC,+4000,N/A,0.024390243902439025
1985-86,CHI,+4000,N/A,0.024390243902439025
1985-86,UTA,+5000,N/A,0.0196078431372549
1985-86,IND,+7500,N/A,0.013157894736842105
1985-86,ATL,+10000,N/A,0.009900990099009901
1985-86,SAC,+10000,N/A,0.009900990099009901
1985-86,GSW,+20000,N/A,0.004975124378109453
1986-87,BOS,+160,N/A,0.38461538461538464
1986-87,HOU,+350,N/A,0.2222222222222222
1986-87,LAL,+400,N/A,0.2
1986-87,MIL,+700,N/A,0.125
1986-87,DEN,+800,N/A,0.1111111111111111
1986-87,DAL,+1000,N/A,0.09090909090909091
1986-87,WAS,+1300,N/A,0.07142857142857142
1986-87,PHI,+1500,N/A,0.0625
1986-87,ATL,+1800,N/A,0.05263157894736842
1986-87,DET,+2000,N/A,0.047619047619047616
1986-87,NYK,+2000,N/A,0.047619047619047616
1986-87,UTA,+2200,N/A,0.043478260869565216
1986-87,NJN,+2500,N/A,0.038461538461538464
1986-87,POR,+2800,N/A,0.034482758620689655
1986-87,CLE,+3500,N/A,0.027777777777777776
1986-87,SAS,+4000,N/A,0.024390243902439025
1986-87,LAC,+5000,N/A,0.0196078431372549
1986-87,GSW,+6000,N/A,0.01639344262295082
1986-87,SAC,+7500,N/A,0.013157894736842105
1986-87,CHI,+10000,N/A,0.009900990099009901
1986-87,IND,+10000,N/A,0.009900990099009901
1986-87,PHO,+10000,N/A,0.009900990099009901
1986-87,OKC,+20000,N/A,0.004975124378109453
1987-88,LAL,+120,N/A,0.45454545454545453
1987-88,BOS,+350,N/A,0.2222222222222222
1987-88,ATL,+500,N/A,0.16666666666666666
1987-88,DET,+600,N/A,0.14285714285714285
1987-88,DAL,+700,N/A,0.125
1987-88,HOU,+700,N/A,0.125
1987-88,MIL,+1200,N/A,0.07692307692307693
1987-88,POR,+1800,N/A,0.05263157894736842
1987-88,PHI,+2000,N/A,0.047619047619047616
1987-88,OKC,+2500,N/A,0.038461538461538464
1987-88,UTA,+3000,N/A,0.03225806451612903
1987-88,WAS,+4000,N/A,0.024390243902439025
1987-88,DEN,+4000,N/A,0.024390243902439025
1987-88,IND,+5000,N/A,0.0196078431372549
1987-88,GSW,+5000,N/A,0.0196078431372549
1987-88,CHI,+5000,N/A,0.0196078431372549
1987-88,PHO,+7500,N/A,0.013157894736842105
1987-88,CLE,+7500,N/A,0.013157894736842105
1987-88,NJN,+10000,N/A,0.009900990099009901
1987-88,NYK,+10000,N/A,0.009900990099009901
1987-88,SAC,+10000,N/A,0.009900990099009901
1987-88,SAS,+10000,N/A,0.009900990099009901
1987-88,LAC,+30000,N/A,0.0033222591362126247
1988-89,LAL,+350,N/A,0.2222222222222222
1988-89,DET,+400,N/A,0.2
1988-89,DAL,+600,N/A,0.14285714285714285
1988-89,CLE,+800,N/A,0.1111111111111111
1988-89,BOS,+1000,N/A,0.09090909090909091
1988-89,ATL,+1200,N/A,0.07692307692307693
1988-89,UTA,+1200,N/A,0.07692307692307693
1988-89,OKC,+1500,N/A,0.0625
1988-89,DEN,+2000,N/A,0.047619047619047616
1988-89,CHI,+2000,N/A,0.047619047619047616
1988-89,POR,+2500,N/A,0.038461538461538464
1988-89,NYK,+3000,N/A,0.03225806451612903
1988-89,HOU,+4000,N/A,0.024390243902439025
1988-89,IND,+5000,N/A,0.0196078431372549
1988-89,MIL,+5000,N/A,0.0196078431372549
1988-89,GSW,+8000,N/A,0.012345679012345678
1988-89,SAS,+8000,N/A,0.012345679012345678
1988-89,LAC,+10000,N/A,0.009900990099009901
1988-89,PHI,+10000,N/A,0.009900990099009901
1988-89,PHO,+10000,N/A,0.009900990099009901
1988-89,WAS,+15000,N/A,0.006622516556291391
1988-89,SAC,+15000,N/A,0.006622516556291391
1988-89,NJN,+20000,N/A,0.004975124378109453
1988-89,MIA,+50000,N/A,0.001996007984031936
1988-89,CHA,+50000,N/A,0.001996007984031936
1989-90,DET,+300,N/A,0.25
1989-90,PHO,+500,N/A,0.16666666666666666
1989-90,LAL,+500,N/A,0.16666666666666666
1989-90,CLE,+600,N/A,0.14285714285714285
1989-90,BOS,+800,N/A,0.1111111111111111
1989-90,CHI,+800,N/A,0.1111111111111111
1989-90,NYK,+800,N/A,0.1111111111111111
1989-90,UTA,+800,N/A,0.1111111111111111
1989-90,ATL,+1500,N/A,0.0625
1989-90,OKC,+1500,N/A,0.0625
1989-90,MIL,+2000,N/A,0.047619047619047616
1989-90,HOU,+2200,N/A,0.043478260869565216
1989-90,GSW,+2200,N/A,0.043478260869565216
1989-90,PHI,+2500,N/A,0.038461538461538464
1989-90,SAS,+3500,N/A,0.027777777777777776
1989-90,POR,+3500,N/A,0.027777777777777776
1989-90,DEN,+3500,N/A,0.027777777777777776
1989-90,DAL,+3500,N/A,0.027777777777777776
1989-90,WAS,+5500,N/A,0.017857142857142856
1989-90,SAC,+8500,N/A,0.011627906976744186
1989-90,IND,+8500,N/A,0.011627906976744186
1989-90,NJN,+12500,N/A,0.007936507936507936
1989-90,LAC,+12500,N/A,0.007936507936507936
1989-90,CHA,+25000,N/A,0.00398406374501992
1989-90,MIA,+30000,N/A,0.0033222591362126247
1989-90,ORL,+500000,N/A,0.0001999600079984003
1989-90,MIN,+500000,N/A,0.0001999600079984003
1990-91,DET,+350,N/A,0.2222222222222222
1990-91,LAL,+450,N/A,0.18181818181818182
1990-91,SAS,+600,N/A,0.14285714285714285
1990-91,CHI,+700,N/A,0.125
1990-91,PHO,+800,N/A,0.1111111111111111
1990-91,POR,+800,N/A,0.1111111111111111
1990-91,CLE,+1000,N/A,0.09090909090909091
1990-91,PHI,+1200,N/A,0.07692307692307693
1990-91,UTA,+1200,N/A,0.07692307692307693
1990-91,BOS,+1500,N/A,0.0625
1990-91,NYK,+1500,N/A,0.0625
1990-91,DAL,+2000,N/A,0.047619047619047616
1990-91,MIL,+2500,N/A,0.038461538461538464
1990-91,OKC,+3000,N/A,0.03225806451612903
1990-91,HOU,+3500,N/A,0.027777777777777776
1990-91,ATL,+3500,N/A,0.027777777777777776
1990-91,IND,+4000,N/A,0.024390243902439025
1990-91,GSW,+4000,N/A,0.024390243902439025
1990-91,LAC,+5000,N/A,0.0196078431372549
1990-91,WAS,+7500,N/A,0.013157894736842105
1990-91,DEN,+7500,N/A,0.013157894736842105
1990-91,SAC,+10000,N/A,0.009900990099009901
1990-91,NJN,+30000,N/A,0.0033222591362126247
1990-91,ORL,+200000,N/A,0.0004997501249375312
1990-91,MIN,+200000,N/A,0.0004997501249375312
1990-91,MIA,+200000,N/A,0.0004997501249375312
1990-91,CHA,+200000,N/A,0.0004997501249375312
1991-92,CHI,+250,N/A,0.2857142857142857
1991-92,POR,+400,N/A,0.2
1991-92,LAL,+600,N/A,0.14285714285714285
1991-92,SAS,+800,N/A,0.1111111111111111
1991-92,BOS,+1000,N/A,0.09090909090909091
1991-92,DET,+1000,N/A,0.09090909090909091
1991-92,HOU,+1200,N/A,0.07692307692307693
1991-92,PHO,+1200,N/A,0.07692307692307693
1991-92,UTA,+1200,N/A,0.07692307692307693
1991-92,NYK,+2200,N/A,0.043478260869565216
1991-92,MIL,+2500,N/A,0.038461538461538464
1991-92,PHI,+3000,N/A,0.03225806451612903
1991-92,IND,+3500,N/A,0.027777777777777776
1991-92,OKC,+3500,N/A,0.027777777777777776
1991-92,GSW,+4000,N/A,0.024390243902439025
1991-92,CLE,+4000,N/A,0.024390243902439025
1991-92,ATL,+5000,N/A,0.0196078431372549
1991-92,WAS,+7500,N/A,0.013157894736842105
1991-92,LAC,+7500,N/A,0.013157894736842105
1991-92,DAL,+7500,N/A,0.013157894736842105
1991-92,NJN,+20000,N/A,0.004975124378109453
1991-92,SAC,+20000,N/A,0.004975124378109453
1991-92,MIA,+40000,N/A,0.0024937655860349127
1991-92,CHA,+40000,N/A,0.0024937655860349127
1991-92,ORL,+50000,N/A,0.001996007984031936
1991-92,MIN,+50000,N/A,0.001996007984031936
1991-92,DEN,+50000,N/A,0.001996007984031936
1992-93,CHI,+120,N/A,0.45454545454545453
1992-93,POR,+350,N/A,0.2222222222222222
1992-93,CLE,+500,N/A,0.16666666666666666
1992-93,NYK,+500,N/A,0.16666666666666666
1992-93,GSW,+800,N/A,0.1111111111111111
1992-93,UTA,+1000,N/A,0.09090909090909091
1992-93,SAS,+1000,N/A,0.09090909090909091
1992-93,PHO,+1000,N/A,0.09090909090909091
1992-93,BOS,+2000,N/A,0.047619047619047616
1992-93,OKC,+2500,N/A,0.038461538461538464
1992-93,HOU,+3000,N/A,0.03225806451612903
1992-93,LAC,+3000,N/A,0.03225806451612903
1992-93,DET,+3500,N/A,0.027777777777777776
1992-93,MIA,+4000,N/A,0.024390243902439025
1992-93,NJN,+5000,N/A,0.0196078431372549
1992-93,PHI,+5000,N/A,0.0196078431372549
1992-93,LAL,+5000,N/A,0.0196078431372549
1992-93,IND,+6000,N/A,0.01639344262295082
1992-93,CHA,+6000,N/A,0.01639344262295082
1992-93,ATL,+7500,N/A,0.013157894736842105
1992-93,ORL,+10000,N/A,0.009900990099009901
1992-93,MIL,+15000,N/A,0.006622516556291391
1992-93,DEN,+15000,N/A,0.006622516556291391
1992-93,WAS,+15000,N/A,0.006622516556291391
1992-93,SAC,+20000,N/A,0.004975124378109453
1992-93,DAL,+30000,N/A,0.0033222591362126247
1992-93,MIN,+50000,N/A,0.001996007984031936
1993-94,NYK,+200,56.0,0.3333333333333333
1993-94,PHO,+300,55.5,0.25
1993-94,CLE,+500,52.5,0.16666666666666666
1993-94,OKC,+600,54.5,0.14285714285714285
1993-94,CHA,+1200,48.0,0.07692307692307693
1993-94,SAS,+1200,48.0,0.07692307692307693
1993-94,HOU,+1200,47.0,0.07692307692307693
1993-94,POR,+1200,47.5,0.07692307692307693
1993-94,ORL,+1400,45.0,0.06666666666666667
1993-94,CHI,+1500,44.0,0.0625
1993-94,UTA,+2500,45.0,0.038461538461538464
1993-94,NJN,+2500,40.5,0.038461538461538464
1993-94,GSW,+3000,37.5,0.03225806451612903
1993-94,BOS,+3500,36.0,0.027777777777777776
1993-94,MIA,+4000,39.0,0.024390243902439025
1993-94,IND,+6000,44.5,0.01639344262295082
1993-94,DET,+6000,40.5,0.01639344262295082
1993-94,ATL,+6500,45.0,0.015151515151515152
1993-94,LAC,+7000,36.5,0.014084507042253521
1993-94,LAL,+7500,36.0,0.013157894736842105
1993-94,DEN,+10000,39.5,0.009900990099009901
1993-94,SAC,+17500,31.0,0.005681818181818182
1993-94,PHI,+20000,30.5,0.004975124378109453
1993-94,WAS,+20000,30.0,0.004975124378109453
1993-94,MIN,+30000,25.5,0.0033222591362126247
1993-94,MIL,+30000,31.5,0.0033222591362126247
1993-94,DAL,+75000,21.5,0.0013315579227696406
1994-95,PHO,+350,N/A,0.2222222222222222
1994-95,HOU,+450,N/A,0.18181818181818182
1994-95,NYK,+450,N/A,0.18181818181818182
1994-95,ORL,+450,N/A,0.18181818181818182
1994-95,OKC,+450,N/A,0.18181818181818182
1994-95,SAS,+1000,N/A,0.09090909090909091
1994-95,CHA,+1000,N/A,0.09090909090909091
1994-95,GSW,+1200,N/A,0.07692307692307693
1994-95,CHI,+1200,N/A,0.07692307692307693
1994-95,UTA,+1500,N/A,0.0625
1994-95,CLE,+1500,N/A,0.0625
1994-95,IND,+1500,N/A,0.0625
1994-95,ATL,+1500,N/A,0.0625
1994-95,MIA,+2000,N/A,0.047619047619047616
1994-95,POR,+2500,N/A,0.038461538461538464
1994-95,NJN,+2500,N/A,0.038461538461538464
1994-95,DEN,+3000,N/A,0.03225806451612903
1994-95,BOS,+4000,N/A,0.024390243902439025
1994-95,PHI,+10000,N/A,0.009900990099009901
1994-95,LAL,+10000,N/A,0.009900990099009901
1994-95,LAC,+10000,N/A,0.009900990099009901
1994-95,WAS,+10000,N/A,0.009900990099009901
1994-95,MIL,+15000,N/A,0.006622516556291391
1994-95,SAC,+15000,N/A,0.006622516556291391
1994-95,MIN,+20000,N/A,0.004975124378109453
1994-95,DET,+20000,N/A,0.004975124378109453
1994-95,DAL,+25000,N/A,0.00398406374501992
1995-96,CHI,+350,59.5,0.2222222222222222
1995-96,ORL,+400,,0.2
1995-96,IND,+600,52.0,0.14285714285714285
1995-96,HOU,+700,51.0,0.125
1995-96,SAS,+700,,0.125
1995-96,PHO,+800,,0.1111111111111111
1995-96,OKC,+800,,0.1111111111111111
1995-96,UTA,+1000,,0.09090909090909091
1995-96,NYK,+1200,50.0,0.07692307692307693
1995-96,LAL,+1200,48.5,0.07692307692307693
1995-96,CHA,+1800,,0.05263157894736842
1995-96,GSW,+4000,44.5,0.024390243902439025
1995-96,POR,+4000,47.5,0.024390243902439025
1995-96,DEN,+4000,44.0,0.024390243902439025
1995-96,DAL,+4000,39.5,0.024390243902439025
1995-96,MIL,+5000,,0.0196078431372549
1995-96,WAS,+5000,,0.0196078431372549
1995-96,ATL,+5000,,0.0196078431372549
1995-96,CLE,+5000,,0.0196078431372549
1995-96,SAC,+6000,,0.01639344262295082
1995-96,DET,+6000,35.5,0.01639344262295082
1995-96,NJN,+7500,34.5,0.013157894736842105
1995-96,PHI,+7500,33.5,0.013157894736842105
1995-96,MIA,+7500,,0.013157894736842105
1995-96,BOS,+7500,34.0,0.013157894736842105
1995-96,MIN,+25000,28.0,0.00398406374501992
1995-96,LAC,+25000,,0.00398406374501992
1995-96,TOR,+75000,,0.0013315579227696406
1995-96,MEM,+75000,13.0,0.0013315579227696406
1996-97,CHI,+100,64.5,0.5
1996-97,LAL,+500,57.0,0.16666666666666666
1996-97,OKC,+600,58.0,0.14285714285714285
1996-97,NYK,+800,51.0,0.1111111111111111
1996-97,HOU,+800,53.5,0.1111111111111111
1996-97,IND,+1200,54.0,0.07692307692307693
1996-97,ORL,+1500,48.0,0.0625
1996-97,MIA,+1500,47.5,0.0625
1996-97,SAS,+1500,50.5,0.0625
1996-97,UTA,+1800,51.5,0.05263157894736842
1996-97,ATL,+2000,49.0,0.047619047619047616
1996-97,POR,+3000,47.0,0.03225806451612903
1996-97,PHO,+3500,43.0,0.027777777777777776
1996-97,WAS,+4000,46.5,0.024390243902439025
1996-97,DET,+5000,44.5,0.0196078431372549
1996-97,CHA,+5000,38.0,0.0196078431372549
1996-97,DAL,+6000,36.5,0.01639344262295082
1996-97,SAC,+6000,38.5,0.01639344262295082
1996-97,CLE,+6000,42.0,0.01639344262295082
1996-97,MIL,+7000,28.5,0.014084507042253521
1996-97,NJN,+7000,34.0,0.014084507042253521
1996-97,GSW,+7000,35.5,0.014084507042253521
1996-97,DEN,+7000,34.0,0.014084507042253521
1996-97,LAC,+10000,25.0,0.009900990099009901
1996-97,BOS,+10000,28.5,0.009900990099009901
1996-97,MIN,+15000,26.5,0.006622516556291391
1996-97,PHI,+20000,23.5,0.004975124378109453
1996-97,TOR,+30000,24.0,0.0033222591362126247
1996-97,MEM,+50000,18.5,0.001996007984031936
1997-98,CHI,+140,57.5,0.4166666666666667
1997-98,UTA,+600,50.5,0.14285714285714285
1997-98,LAL,+700,57.5,0.125
1997-98,OKC,+800,54.5,0.1111111111111111
1997-98,SAS,+800,53.5,0.1111111111111111
1997-98,NYK,+1000,53.5,0.09090909090909091
1997-98,HOU,+1200,50.5,0.07692307692307693
1997-98,MIA,+1200,47.5,0.07692307692307693
1997-98,DET,+1500,52.5,0.0625
1997-98,ATL,+1500,50.5,0.0625
1997-98,CHA,+1800,50.5,0.05263157894736842
1997-98,PHO,+1800,46.5,0.05263157894736842
1997-98,ORL,+2000,46.5,0.047619047619047616
1997-98,POR,+2500,48.5,0.038461538461538464
1997-98,IND,+2500,45.5,0.038461538461538464
1997-98,WAS,+2500,46.5,0.038461538461538464
1997-98,MIN,+6000,38.5,0.01639344262295082
1997-98,CLE,+6000,37.5,0.01639344262295082
1997-98,MIL,+7500,36.5,0.013157894736842105
1997-98,PHI,+10000,33.5,0.009900990099009901
1997-98,LAC,+10000,31.5,0.009900990099009901
1997-98,TOR,+10000,34.5,0.009900990099009901
1997-98,DAL,+10000,23.5,0.009900990099009901
1997-98,BOS,+10000,30.5,0.009900990099009901
1997-98,NJN,+15000,22.5,0.006622516556291391
1997-98,SAC,+15000,24.5,0.006622516556291391
1997-98,GSW,+15000,25.5,0.006622516556291391
1997-98,DEN,+20000,21.5,0.004975124378109453
1997-98,MEM,+30000,20.5,0.0033222591362126247
1998-99,LAL,+300,N/A,0.25
1998-99,UTA,+350,N/A,0.2222222222222222
1998-99,SAS,+450,N/A,0.18181818181818182
1998-99,IND,+450,N/A,0.18181818181818182
1998-99,NYK,+500,N/A,0.16666666666666666
1998-99,MIA,+500,N/A,0.16666666666666666
1998-99,HOU,+500,N/A,0.16666666666666666
1998-99,OKC,+1200,N/A,0.07692307692307693
1998-99,ATL,+1500,N/A,0.0625
1998-99,PHO,+2500,N/A,0.038461538461538464
1998-99,ORL,+3000,N/A,0.03225806451612903
1998-99,POR,+3000,N/A,0.03225806451612903
1998-99,CHA,+3000,N/A,0.03225806451612903
1998-99,DET,+3500,N/A,0.027777777777777776
1998-99,CLE,+4000,N/A,0.024390243902439025
1998-99,MIN,+4000,N/A,0.024390243902439025
1998-99,NJN,+5000,N/A,0.0196078431372549
1998-99,WAS,+6000,N/A,0.01639344262295082
1998-99,MIL,+6000,N/A,0.01639344262295082
1998-99,BOS,+7500,N/A,0.013157894736842105
1998-99,PHI,+10000,N/A,0.009900990099009901
1998-99,CHI,+10000,N/A,0.009900990099009901
1998-99,GSW,+20000,N/A,0.004975124378109453
1998-99,SAC,+20000,N/A,0.004975124378109453
1998-99,DAL,+20000,N/A,0.004975124378109453
1998-99,LAC,+30000,N/A,0.0033222591362126247
1998-99,DEN,+30000,N/A,0.0033222591362126247
1998-99,TOR,+30000,N/A,0.0033222591362126247
1998-99,MEM,+30000,N/A,0.0033222591362126247
1999-00,POR,+350,57.5,0.2222222222222222
1999-00,LAL,+400,53.5,0.2
1999-00,SAS,+500,54.5,0.16666666666666666
1999-00,NYK,+800,49.5,0.1111111111111111
1999-00,UTA,+800,49.5,0.1111111111111111
1999-00,MIA,+800,51.5,0.1111111111111111
1999-00,IND,+1000,47.5,0.09090909090909091
1999-00,PHO,+1500,49.5,0.0625
1999-00,HOU,+1500,44.5,0.0625
1999-00,CHA,+1500,49.5,0.0625
1999-00,ATL,+1500,46.5,0.0625
1999-00,DET,+3000,43.5,0.03225806451612903
1999-00,SAC,+3000,46.5,0.03225806451612903
1999-00,MIL,+3500,42.5,0.027777777777777776
1999-00,CLE,+4000,40.5,0.024390243902439025
1999-00,MIN,+4000,43.5,0.024390243902439025
1999-00,NJN,+4000,40.5,0.024390243902439025
1999-00,PHI,+4000,42.5,0.024390243902439025
1999-00,OKC,+5000,34.5,0.0196078431372549
1999-00,TOR,+6000,37.5,0.01639344262295082
1999-00,WAS,+7500,35.5,0.013157894736842105
1999-00,ORL,+10000,29.5,0.009900990099009901
1999-00,GSW,+10000,36.5,0.009900990099009901
1999-00,BOS,+10000,36.5,0.009900990099009901
1999-00,DAL,+15000,30.5,0.006622516556291391
1999-00,DEN,+20000,31.5,0.004975124378109453
1999-00,CHI,+20000,27.5,0.004975124378109453
1999-00,LAC,+25000,25.5,0.00398406374501992
1999-00,MEM,+25000,25.5,0.00398406374501992
2000-01,LAL,+180,61.5,0.35714285714285715
2000-01,POR,+600,56.5,0.14285714285714285
2000-01,SAS,+600,54.5,0.14285714285714285
2000-01,NYK,+700,46.5,0.125
2000-01,ORL,+800,52.5,0.1111111111111111
2000-01,IND,+1000,46.5,0.09090909090909091
2000-01,UTA,+1500,47.5,0.0625
2000-01,PHO,+1500,52.5,0.0625
2000-01,MIN,+1500,48.5,0.0625
2000-01,MIA,+1800,44.5,0.05263157894736842
2000-01,PHI,+1800,48.5,0.05263157894736842
2000-01,CHA,+1800,44.5,0.05263157894736842
2000-01,MIL,+2200,46.5,0.043478260869565216
2000-01,SAC,+3500,43.5,0.027777777777777776
2000-01,OKC,+3500,45.5,0.027777777777777776
2000-01,TOR,+3500,43.5,0.027777777777777776
2000-01,DET,+6000,34.5,0.01639344262295082
2000-01,HOU,+7500,38.5,0.013157894736842105
2000-01,DAL,+7500,42.5,0.013157894736842105
2000-01,NJN,+7500,37.5,0.013157894736842105
2000-01,CHI,+7500,28.5,0.013157894736842105
2000-01,BOS,+10000,34.5,0.009900990099009901
2000-01,DEN,+10000,34.5,0.009900990099009901
2000-01,CLE,+10000,34.5,0.009900990099009901
2000-01,ATL,+15000,28.5,0.006622516556291391
2000-01,WAS,+20000,29.5,0.004975124378109453
2000-01,LAC,+35000,19.5,0.002849002849002849
2000-01,GSW,+35000,24.5,0.002849002849002849
2000-01,MEM,+35000,24.5,0.002849002849002849
2001-02,LAL,+200,58.5,0.3333333333333333
2001-02,SAS,+500,53.5,0.16666666666666666
2001-02,SAC,+1000,52.5,0.09090909090909091
2001-02,PHI,+1000,50.5,0.09090909090909091
2001-02,ORL,+1000,51.5,0.09090909090909091
2001-02,MIL,+1000,50.5,0.09090909090909091
2001-02,NYK,+1200,44.5,0.07692307692307693
2001-02,MIA,+1200,47.5,0.07692307692307693
2001-02,TOR,+1500,48.5,0.0625
2001-02,DAL,+1500,52.5,0.0625
2001-02,POR,+1500,48.5,0.0625
2001-02,UTA,+2000,48.5,0.047619047619047616
2001-02,CHA,+2200,45.5,0.043478260869565216
2001-02,WAS,+2500,37.5,0.038461538461538464
2001-02,MIN,+2500,46.5,0.038461538461538464
2001-02,LAC,+2500,38.5,0.038461538461538464
2001-02,IND,+3000,40.5,0.03225806451612903
2001-02,PHO,+3000,44.5,0.03225806451612903
2001-02,HOU,+4500,41.5,0.021739130434782608
2001-02,DET,+5000,30.5,0.0196078431372549
2001-02,OKC,+5000,53.5,0.0196078431372549
2001-02,BOS,+5000,35.5,0.0196078431372549
2001-02,NJN,+6000,35.5,0.01639344262295082
2001-02,MEM,+8000,19.5,0.012345679012345678
2001-02,DEN,+8000,27.5,0.012345679012345678
2001-02,ATL,+10000,36.5,0.009900990099009901
2001-02,CLE,+12000,26.5,0.008264462809917356
2001-02,CHI,+15000,18.5,0.006622516556291391
2001-02,GSW,+25000,23.5,0.00398406374501992
2002-03,LAL,+180,58.5,0.35714285714285715
2002-03,SAC,+300,57.5,0.25
2002-03,DAL,+800,57.5,0.1111111111111111
2002-03,SAS,+1100,55.5,0.08333333333333333
2002-03,NJN,+1100,50.5,0.08333333333333333
2002-03,ORL,+1300,48.0,0.07142857142857142
2002-03,BOS,+1400,48.0,0.06666666666666667
2002-03,NOH,+1600,48.0,0.058823529411764705
2002-03,TOR,+2000,45.0,0.047619047619047616
2002-03,DET,+2000,42.0,0.047619047619047616
2002-03,POR,+2000,49.0,0.047619047619047616
2002-03,PHI,+2000,46.0,0.047619047619047616
2002-03,MIN,+2000,46.0,0.047619047619047616
2002-03,WAS,+2500,41.5,0.038461538461538464
2002-03,IND,+2500,43.0,0.038461538461538464
2002-03,MIL,+3000,43.0,0.03225806451612903
2002-03,MIA,+3500,35.0,0.027777777777777776
2002-03,LAC,+4500,42.0,0.021739130434782608
2002-03,NYK,+4500,29.5,0.021739130434782608
2002-03,HOU,+4500,40.5,0.021739130434782608
2002-03,OKC,+5000,41.0,0.0196078431372549
2002-03,UTA,+5000,39.0,0.0196078431372549
2002-03,PHO,+6000,35.5,0.01639344262295082
2002-03,ATL,+7000,42.0,0.014084507042253521
2002-03,CHI,+20000,30.0,0.004975124378109453
2002-03,MEM,+25000,30.0,0.00398406374501992
2002-03,CLE,+25000,23.5,0.00398406374501992
2002-03,GSW,+30000,25.0,0.0033222591362126247
2002-03,DEN,+30000,19.5,0.0033222591362126247
2003-04,LAL,+140,58.5,0.4166666666666667
2003-04,SAS,+400,57.5,0.2
2003-04,SAC,+500,55.5,0.16666666666666666
2003-04,DAL,+700,57.5,0.125
2003-04,NJN,+800,51.5,0.1111111111111111
2003-04,MIN,+1200,54.5,0.07692307692307693
2003-04,DET,+1500,49.5,0.0625
2003-04,IND,+1500,47.5,0.0625
2003-04,PHI,+1800,46.5,0.05263157894736842
2003-04,NOH,+1800,46.5,0.05263157894736842
2003-04,ORL,+2000,44.5,0.047619047619047616
2003-04,POR,+2500,44.5,0.038461538461538464
2003-04,PHO,+2500,45.5,0.038461538461538464
2003-04,HOU,+3500,47.5,0.027777777777777776
2003-04,TOR,+3500,38.5,0.027777777777777776
2003-04,BOS,+3500,43.5,0.027777777777777776
2003-04,NYK,+5000,33.5,0.0196078431372549
2003-04,OKC,+6000,36.5,0.01639344262295082
2003-04,MIA,+6000,35.0,0.01639344262295082
2003-04,ATL,+6000,33.0,0.01639344262295082
2003-04,WAS,+7500,29.5,0.013157894736842105
2003-04,MIL,+7500,31.5,0.013157894736842105
2003-04,CLE,+7500,29.5,0.013157894736842105
2003-04,UTA,+8000,25.5,0.012345679012345678
2003-04,DEN,+10000,27.5,0.009900990099009901
2003-04,GSW,+15000,31.5,0.006622516556291391
2003-04,CHI,+15000,36.5,0.006622516556291391
2003-04,MEM,+20000,31.5,0.004975124378109453
2003-04,LAC,+25000,30.5,0.00398406374501992
2004-05,SAS,+400,56.5,0.2
2004-05,SAC,+500,52.5,0.16666666666666666
2004-05,MIN,+500,55.5,0.16666666666666666
2004-05,LAL,+500,45.5,0.16666666666666666
2004-05,MEM,+900,47.5,0.1
2004-05,DET,+900,56.5,0.1
2004-05,IND,+1200,51.5,0.07692307692307693
2004-05,DAL,+1600,50.5,0.058823529411764705
2004-05,HOU,+1800,50.5,0.05263157894736842
2004-05,NJN,+1800,37.5,0.05263157894736842
2004-05,MIA,+2200,52.5,0.043478260869565216
2004-05,DEN,+2500,49.5,0.038461538461538464
2004-05,NOH,+3500,30.5,0.027777777777777776
2004-05,PHI,+3500,38.5,0.027777777777777776
2004-05,MIL,+4000,38.5,0.024390243902439025
2004-05,CLE,+4000,43.5,0.024390243902439025
2004-05,BOS,+5000,40.5,0.0196078431372549
2004-05,UTA,+5000,45.5,0.0196078431372549
2004-05,GSW,+5000,35.5,0.0196078431372549
2004-05,POR,+5500,40.5,0.017857142857142856
2004-05,TOR,+5500,34.5,0.017857142857142856
2004-05,OKC,+7000,34.5,0.014084507042253521
2004-05,ORL,+7500,34.5,0.013157894736842105
2004-05,NYK,+10000,41.5,0.009900990099009901
2004-05,PHO,+10000,44.5,0.009900990099009901
2004-05,WAS,+12500,33.5,0.007936507936507936
2004-05,LAC,+17500,32.5,0.005681818181818182
2004-05,CHI,+17500,32.5,0.005681818181818182
2004-05,ATL,+17500,27.5,0.005681818181818182
2004-05,CHA,+40000,16.5,0.0024937655860349127
2005-06,SAS,+250,58.5,0.2857142857142857
2005-06,MIA,+350,58.0,0.2222222222222222
2005-06,PHO,+800,43.5,0.1111111111111111
2005-06,DET,+1000,51.5,0.09090909090909091
2005-06,DEN,+1200,50.5,0.07692307692307693
2005-06,DAL,+1300,52.5,0.07142857142857142
2005-06,HOU,+1500,53.0,0.0625
2005-06,IND,+1600,52.5,0.058823529411764705
2005-06,SAC,+1800,49.5,0.05263157894736842
2005-06,MIN,+1800,44.0,0.05263157894736842
2005-06,CLE,+1800,49.5,0.05263157894736842
2005-06,OKC,+1800,43.0,0.05263157894736842
2005-06,LAL,+2500,41.5,0.038461538461538464
2005-06,PHI,+2500,42.5,0.038461538461538464
2005-06,NJN,+2500,47.0,0.038461538461538464
2005-06,BOS,+3000,40.5,0.03225806451612903
2005-06,WAS,+3000,40.0,0.03225806451612903
2005-06,CHI,+3000,43.0,0.03225806451612903
2005-06,MEM,+3500,42.5,0.027777777777777776
2005-06,NYK,+5000,41.5,0.0196078431372549
2005-06,GSW,+6000,41.5,0.01639344262295082
2005-06,ORL,+7000,34.5,0.014084507042253521
2005-06,LAC,+7000,38.5,0.014084507042253521
2005-06,MIL,+8000,35.5,0.012345679012345678
2005-06,TOR,+8000,28.5,0.012345679012345678
2005-06,POR,+10000,28.5,0.009900990099009901
2005-06,UTA,+10000,34.0,0.009900990099009901
2005-06,CHA,+25000,21.0,0.00398406374501992
2005-06,ATL,+30000,21.5,0.0033222591362126247
2005-06,,+40000,21.5,0.0024937655860349127
2006-07,DAL,+400,56.0,0.2
2006-07,SAS,+450,56.0,0.18181818181818182
2006-07,PHO,+600,55.0,0.14285714285714285
2006-07,MIA,+600,51.5,0.14285714285714285
2006-07,DET,+800,51.5,0.1111111111111111
2006-07,CLE,+900,48.0,0.1
2006-07,NJN,+1500,46.5,0.0625
2006-07,CHI,+1800,48.0,0.05263157894736842
2006-07,HOU,+2000,45.5,0.047619047619047616
2006-07,LAC,+2500,47.0,0.038461538461538464
2006-07,LAL,+3500,42.5,0.027777777777777776
2006-07,SAC,+3500,44.0,0.027777777777777776
2006-07,MEM,+4500,40.0,0.021739130434782608
2006-07,DEN,+4500,41.5,0.021739130434782608
2006-07,IND,+5000,44.5,0.0196078431372549
2006-07,WAS,+6500,39.0,0.015151515151515152
2006-07,MIL,+8000,42.0,0.012345679012345678
2006-07,UTA,+8000,39.0,0.012345679012345678
2006-07,BOS,+8000,35.0,0.012345679012345678
2006-07,,+10000,40.5,0.009900990099009901
2006-07,MIN,+10000,36.0,0.009900990099009901
2006-07,GSW,+10000,35.0,0.009900990099009901
2006-07,OKC,+10000,35.5,0.009900990099009901
2006-07,TOR,+10000,32.5,0.009900990099009901
2006-07,PHI,+12000,35.5,0.008264462809917356
2006-07,ORL,+15000,37.0,0.006622516556291391
2006-07,NYK,+20000,30.5,0.004975124378109453
2006-07,ATL,+20000,28.0,0.004975124378109453
2006-07,POR,+50000,24.0,0.001996007984031936
2006-07,CHA,+50000,32.0,0.001996007984031936
2007-08,DAL,+450,56.5,0.18181818181818182
2007-08,SAS,+450,54.5,0.18181818181818182
2007-08,PHO,+500,55.5,0.16666666666666666
2007-08,CLE,+600,49.5,0.14285714285714285
2007-08,BOS,+1000,49.5,0.09090909090909091
2007-08,CHI,+1000,50.5,0.09090909090909091
2007-08,HOU,+1000,53.5,0.09090909090909091
2007-08,DET,+1200,50.5,0.07692307692307693
2007-08,MIA,+1200,46.5,0.07692307692307693
2007-08,UTA,+1500,47.5,0.0625
2007-08,DEN,+1500,48.5,0.0625
2007-08,GSW,+2000,42.5,0.047619047619047616
2007-08,TOR,+2000,41.5,0.047619047619047616
2007-08,WAS,+2500,39.5,0.038461538461538464
2007-08,NJN,+2500,43.5,0.038461538461538464
2007-08,LAL,+3000,43.5,0.03225806451612903
2007-08,ORL,+4000,47.5,0.024390243902439025
2007-08,IND,+4000,30.5,0.024390243902439025
2007-08,NOH,+5000,37.5,0.0196078431372549
2007-08,SAC,+5000,34.5,0.0196078431372549
2007-08,LAC,+5000,30.5,0.0196078431372549
2007-08,NYK,+6000,37.5,0.01639344262295082
2007-08,MIL,+7500,35.5,0.013157894736842105
2007-08,OKC,+7500,27.5,0.013157894736842105
2007-08,POR,+8000,30.5,0.012345679012345678
2007-08,CHA,+12500,35.5,0.007936507936507936
2007-08,ATL,+12500,38.5,0.007936507936507936
2007-08,MIN,+15000,19.5,0.006622516556291391
2007-08,PHI,+15000,32.5,0.006622516556291391
2007-08,MEM,+20000,32.5,0.004975124378109453
2008-09,BOS,+350,53.5,0.2222222222222222
2008-09,LAL,+350,54.5,0.2222222222222222
2008-09,SAS,+800,48.5,0.1111111111111111
2008-09,NOH,+1000,51.5,0.09090909090909091
2008-09,DET,+1000,50.5,0.09090909090909091
2008-09,CLE,+1000,47.5,0.09090909090909091
2008-09,HOU,+1200,53.5,0.07692307692307693
2008-09,UTA,+1200,51.5,0.07692307692307693
2008-09,PHO,+1500,46.5,0.0625
2008-09,DAL,+2000,46.5,0.047619047619047616
2008-09,ORL,+2000,47.5,0.047619047619047616
2008-09,PHI,+2500,48.5,0.038461538461538464
2008-09,CHI,+3000,40.5,0.03225806451612903
2008-09,POR,+3000,44.5,0.03225806451612903
2008-09,TOR,+3500,47.5,0.027777777777777776
2008-09,MIA,+3500,37.5,0.027777777777777776
2008-09,DEN,+5000,40.5,0.0196078431372549
2008-09,WAS,+6000,38.5,0.01639344262295082
2008-09,LAC,+8000,34.5,0.012345679012345678
2008-09,NJN,+10000,27.5,0.009900990099009901
2008-09,NYK,+10000,32.5,0.009900990099009901
2008-09,IND,+10000,35.5,0.009900990099009901
2008-09,GSW,+10000,37.5,0.009900990099009901
2008-09,ATL,+10000,36.5,0.009900990099009901
2008-09,CHA,+12500,36.5,0.007936507936507936
2008-09,MIN,+15000,30.5,0.006622516556291391
2008-09,MIL,+15000,30.5,0.006622516556291391
2008-09,OKC,+20000,25.5,0.004975124378109453
2008-09,SAC,+20000,28.5,0.004975124378109453
2008-09,MEM,+25000,22.5,0.00398406374501992
2009-10,LAL,+225,62.0,0.3076923076923077
2009-10,CLE,+300,61.5,0.25
2009-10,BOS,+450,56.5,0.18181818181818182
2009-10,SAS,+1000,54.5,0.09090909090909091
2009-10,ORL,+1000,57.5,0.09090909090909091
2009-10,DEN,+1500,52.5,0.0625
2009-10,POR,+2000,52.5,0.047619047619047616
2009-10,DAL,+2500,48.5,0.038461538461538464
2009-10,UTA,+2500,49.5,0.038461538461538464
2009-10,DET,+3300,41.5,0.029411764705882353
2009-10,HOU,+4000,35.5,0.024390243902439025
2009-10,MIA,+4000,40.0,0.024390243902439025
2009-10,ATL,+5000,44.5,0.0196078431372549
2009-10,CHI,+5000,40.5,0.0196078431372549
2009-10,NOH,+5000,46.5,0.0196078431372549
2009-10,NYK,+6600,31.5,0.014925373134328358
2009-10,PHI,+6600,40.5,0.014925373134328358
2009-10,PHO,+6600,40.5,0.014925373134328358
2009-10,TOR,+6600,40.5,0.014925373134328358
2009-10,WAS,+8000,41.5,0.012345679012345678
2009-10,IND,+10000,34.5,0.009900990099009901
2009-10,OKC,+12500,33.5,0.007936507936507936
2009-10,NJN,+12500,27.5,0.007936507936507936
2009-10,GSW,+12500,34.5,0.007936507936507936
2009-10,CHA,+12500,36.5,0.007936507936507936
2009-10,MEM,+15000,27.5,0.006622516556291391
2009-10,LAC,+15000,34.5,0.006622516556291391
2009-10,MIN,+20000,26.5,0.004975124378109453
2009-10,MIL,+20000,26.5,0.004975124378109453
2009-10,SAC,+25000,24.5,0.00398406374501992
2010-11,MIA,+175,64.5,0.36363636363636365
2010-11,LAL,+250,56.5,0.2857142857142857
2010-11,BOS,+1000,52.5,0.09090909090909091
2010-11,ORL,+1000,54.5,0.09090909090909091
2010-11,CHI,+1400,46.5,0.06666666666666667
2010-11,OKC,+1600,51.5,0.058823529411764705
2010-11,DAL,+2000,49.5,0.047619047619047616
2010-11,SAS,+2500,49.5,0.038461538461538464
2010-11,DEN,+2500,43.5,0.038461538461538464
2010-11,POR,+2800,51.5,0.034482758620689655
2010-11,MIL,+4000,45.5,0.024390243902439025
2010-11,UTA,+4000,49.5,0.024390243902439025
2010-11,NYK,+4000,35.5,0.024390243902439025
2010-11,ATL,+4000,46.5,0.024390243902439025
2010-11,HOU,+4000,48.5,0.024390243902439025
2010-11,PHO,+5000,41.5,0.0196078431372549
2010-11,WAS,+5000,32.5,0.0196078431372549
2010-11,NOH,+6600,41.5,0.014925373134328358
2010-11,CHA,+6600,39.5,0.014925373134328358
2010-11,MEM,+10000,38.5,0.009900990099009901
2010-11,LAC,+10000,36.5,0.009900990099009901
2010-11,NJN,+10000,24.5,0.009900990099009901
2010-11,PHI,+10000,34.5,0.009900990099009901
2010-11,DET,+10000,30.5,0.009900990099009901
2010-11,CLE,+10000,30.5,0.009900990099009901
2010-11,IND,+15000,33.5,0.006622516556291391
2010-11,GSW,+15000,30.5,0.006622516556291391
2010-11,SAC,+15000,27.5,0.006622516556291391
2010-11,MIN,+20000,23.5,0.004975124378109453
2010-11,TOR,+20000,26.5,0.004975124378109453
2011-12,MIA,+225,47.5,0.3076923076923077
2011-12,LAL,+450,42.5,0.18181818181818182
2011-12,CHI,+550,47.5,0.15384615384615385
2011-12,OKC,+700,46.5,0.125
2011-12,DAL,+850,44.5,0.10526315789473684
2011-12,BOS,+1600,40.5,0.058823529411764705
2011-12,NYK,+1600,41.5,0.058823529411764705
2011-12,LAC,+2000,42.5,0.047619047619047616
2011-12,MEM,+2500,37.5,0.038461538461538464
2011-12,ORL,+2500,37.5,0.038461538461538464
2011-12,POR,+3300,37.5,0.029411764705882353
2011-12,SAS,+3300,40.5,0.029411764705882353
2011-12,NJN,+4000,27.5,0.024390243902439025
2011-12,ATL,+5000,34.5,0.0196078431372549
2011-12,HOU,+6600,33.5,0.014925373134328358
2011-12,IND,+6600,36.5,0.014925373134328358
2011-12,DEN,+6600,36.5,0.014925373134328358
2011-12,PHO,+10000,29.5,0.009900990099009901
2011-12,UTA,+10000,25.5,0.009900990099009901
2011-12,PHI,+12500,36.5,0.007936507936507936
2011-12,MIL,+12500,31.5,0.007936507936507936
2011-12,GSW,+12500,29.5,0.007936507936507936
2011-12,NOH,+15000,25.5,0.006622516556291391
2011-12,WAS,+15000,20.5,0.006622516556291391
2011-12,MIN,+20000,23.5,0.004975124378109453
2011-12,DET,+20000,21.5,0.004975124378109453
2011-12,SAC,+20000,20.5,0.004975124378109453
2011-12,CLE,+20000,17.5,0.004975124378109453
2011-12,CHA,+20000,19.5,0.004975124378109453
2011-12,TOR,+25000,16.5,0.00398406374501992
2012-13,MIA,+225,60.5,0.3076923076923077
2012-13,LAL,+275,58.5,0.26666666666666666
2012-13,OKC,+450,60.5,0.18181818181818182
2012-13,CHI,+1200,47.5,0.07692307692307693
2012-13,SAS,+1600,54.5,0.058823529411764705
2012-13,BOS,+2000,51.5,0.047619047619047616
2012-13,LAC,+2200,49.5,0.043478260869565216
2012-13,NJN,+2800,44.5,0.034482758620689655
2012-13,IND,+3300,51.5,0.029411764705882353
2012-13,MEM,+3300,48.5,0.029411764705882353
2012-13,DAL,+3300,44.5,0.029411764705882353
2012-13,NYK,+3300,46.5,0.029411764705882353
2012-13,DEN,+5000,49.5,0.0196078431372549
2012-13,PHI,+5000,47.5,0.0196078431372549
2012-13,HOU,+6600,31.5,0.014925373134328358
2012-13,ATL,+8000,42.5,0.012345679012345678
2012-13,MIN,+8000,39.5,0.012345679012345678
2012-13,UTA,+10000,42.5,0.009900990099009901
2012-13,POR,+10000,34.5,0.009900990099009901
2012-13,MIL,+10000,36.5,0.009900990099009901
2012-13,NOH,+15000,26.5,0.006622516556291391
2012-13,PHO,+15000,33.5,0.006622516556291391
2012-13,ORL,+15000,23.5,0.006622516556291391
2012-13,GSW,+15000,35.5,0.006622516556291391
2012-13,CLE,+20000,31.5,0.004975124378109453
2012-13,DET,+20000,32.5,0.004975124378109453
2012-13,WAS,+20000,27.5,0.004975124378109453
2012-13,SAC,+25000,29.5,0.00398406374501992
2012-13,TOR,+25000,32.5,0.00398406374501992
2012-13,CHA,+50000,19.5,0.001996007984031936
2013-14,MIA,+200,61.5,0.3333333333333333
2013-14,OKC,+550,51.5,0.15384615384615385
2013-14,CHI,+1000,56.5,0.09090909090909091
2013-14,NJN,+1200,52.5,0.07692307692307693
2013-14,HOU,+1200,54.5,0.07692307692307693
2013-14,SAS,+1200,55.5,0.07692307692307693
2013-14,LAC,+1400,57.5,0.06666666666666667
2013-14,IND,+1400,54.5,0.06666666666666667
2013-14,NYK,+2200,50.0,0.043478260869565216
2013-14,GSW,+2500,51.0,0.038461538461538464
2013-14,LAL,+2500,36.5,0.038461538461538464
2013-14,MEM,+2800,50.5,0.034482758620689655
2013-14,DEN,+3300,46.5,0.029411764705882353
2013-14,DAL,+4000,43.5,0.024390243902439025
2013-14,CLE,+6600,40.5,0.014925373134328358
2013-14,ATL,+6600,39.5,0.014925373134328358
2013-14,UTA,+8000,26.5,0.012345679012345678
2013-14,POR,+8000,38.5,0.012345679012345678
2013-14,PHI,+10000,16.5,0.009900990099009901
2013-14,WAS,+10000,39.5,0.009900990099009901
2013-14,NOH,+10000,39.0,0.009900990099009901
2013-14,MIN,+10000,40.5,0.009900990099009901
2013-14,BOS,+10000,28.5,0.009900990099009901
2013-14,DET,+12500,40.5,0.007936507936507936
2013-14,MIL,+15000,28.5,0.006622516556291391
2013-14,SAC,+15000,31.5,0.006622516556291391
2013-14,TOR,+15000,35.5,0.006622516556291391
2013-14,PHO,+20000,20.5,0.004975124378109453
2013-14,ORL,+30000,23.5,0.0033222591362126247
2013-14,CHA,+30000,26.0,0.0033222591362126247
2014-15,CLE,+275,58.5,0.26666666666666666
2014-15,SAS,+350,57.0,0.2222222222222222
2014-15,OKC,+600,53.0,0.14285714285714285
2014-15,CHI,+700,55.5,0.125
2014-15,LAC,+900,56.5,0.1
2014-15,HOU,+2200,49.0,0.043478260869565216
2014-15,DAL,+2500,49.5,0.038461538461538464
2014-15,GSW,+2800,52.5,0.034482758620689655
2014-15,WAS,+3000,48.5,0.03225806451612903
2014-15,MIA,+4500,44.0,0.021739130434782608
2014-15,TOR,+5000,48.5,0.0196078431372549
2014-15,POR,+5000,49.0,0.0196078431372549
2014-15,MEM,+5500,48.5,0.017857142857142856
2014-15,NYK,+5500,40.0,0.017857142857142856
2014-15,NJN,+6000,41.5,0.01639344262295082
2014-15,NOH,+7500,43.0,0.013157894736842105
2014-15,IND,+8000,33.5,0.012345679012345678
2014-15,CHA,+8500,45.0,0.011627906976744186
2014-15,PHO,+8500,44.0,0.011627906976744186
2014-15,LAL,+10000,29.0,0.009900990099009901
2014-15,ATL,+12500,42.5,0.007936507936507936
2014-15,DEN,+12500,42.0,0.007936507936507936
2014-15,BOS,+15000,27.0,0.006622516556291391
2014-15,MIN,+25000,29.0,0.00398406374501992
2014-15,DET,+25000,36.0,0.00398406374501992
2014-15,ORL,+25000,26.5,0.00398406374501992
2014-15,MIL,+25000,24.5,0.00398406374501992
2014-15,SAC,+25000,29.5,0.00398406374501992
2014-15,UTA,+25000,27.0,0.00398406374501992
2014-15,PHI,+50000,16.0,0.001996007984031936
2015-16,CLE,+280,56.5,0.2631578947368421
2015-16,GSW,+480,59.5,0.1724137931034483
2015-16,SAS,+500,56.5,0.16666666666666666
2015-16,OKC,+750,57.5,0.11764705882352941
2015-16,LAC,+1200,56.5,0.07692307692307693
2015-16,HOU,+1500,56.5,0.0625
2015-16,CHI,+1600,50.5,0.058823529411764705
2015-16,NOH,+3300,45.0,0.029411764705882353
2015-16,MEM,+3300,50.5,0.029411764705882353
2015-16,ATL,+3600,49.5,0.02702702702702703
2015-16,MIA,+4000,46.5,0.024390243902439025
2015-16,WAS,+5500,45.5,0.017857142857142856
2015-16,TOR,+6600,46.5,0.014925373134328358
2015-16,MIL,+6800,42.5,0.014492753623188406
2015-16,IND,+9000,41.5,0.01098901098901099
2015-16,DAL,+12000,36.5,0.008264462809917356
2015-16,UTA,+15000,42.5,0.006622516556291391
2015-16,BOS,+15500,45.5,0.00641025641025641
2015-16,LAL,+20000,28.5,0.004975124378109453
2015-16,NYK,+24000,29.5,0.004149377593360996
2015-16,DET,+25000,36.5,0.00398406374501992
2015-16,PHO,+30000,36.5,0.0033222591362126247
2015-16,POR,+30000,28.5,0.0033222591362126247
2015-16,SAC,+30000,36.0,0.0033222591362126247
2015-16,NJN,+30000,27.5,0.0033222591362126247
2015-16,MIN,+30000,27.5,0.0033222591362126247
2015-16,DEN,+30000,27.5,0.0033222591362126247
2015-16,CHA,+35000,34.0,0.002849002849002849
2015-16,ORL,+50000,34.5,0.001996007984031936
2015-16,PHI,+100000,20.5,0.000999000999000999
2016-17,GSW,-128,66.5,0.5614035087719298
2016-17,CLE,+385,56.5,0.20618556701030927
2016-17,SAS,+925,57.5,0.0975609756097561
2016-17,BOS,+2900,52.5,0.03333333333333333
2016-17,LAC,+3500,53.5,0.027777777777777776
2016-17,TOR,+5500,50.5,0.017857142857142856
2016-17,OKC,+6000,45.0,0.01639344262295082
2016-17,NYK,+7500,38.5,0.013157894736842105
2016-17,IND,+8000,44.5,0.012345679012345678
2016-17,MEM,+8800,42.5,0.011235955056179775
2016-17,CHI,+9000,39.0,0.01098901098901099
2016-17,UTA,+10000,47.5,0.009900990099009901
2016-17,ATL,+10000,43.5,0.009900990099009901
2016-17,MIN,+10000,41.5,0.009900990099009901
2016-17,POR,+13000,45.5,0.007633587786259542
2016-17,DET,+14000,44.5,0.0070921985815602835
2016-17,NOH,+14500,36.5,0.00684931506849315
2016-17,WAS,+16000,42.5,0.006211180124223602
2016-17,HOU,+16000,44.0,0.006211180124223602
2016-17,MIA,+17500,34.5,0.005681818181818182
2016-17,MIL,+18000,34.5,0.0055248618784530384
2016-17,ORL,+22500,37.5,0.004424778761061947
2016-17,LAL,+39000,24.5,0.0025575447570332483
2016-17,DAL,+39000,39.5,0.0025575447570332483
2016-17,PHI,+50000,23.5,0.001996007984031936
2016-17,SAC,+50000,33.5,0.001996007984031936
2016-17,DEN,+50000,37.0,0.001996007984031936
2016-17,CHA,+55000,42.5,0.0018148820326678765
2016-17,PHO,+85000,29.5,0.0011750881316098707
2016-17,NJN,+135000,21.5,0.0007401924500370096
2017-18,GSW,-187,67.5,0.6515679442508711
2017-18,CLE,+515,53.5,0.16260162601626016
2017-18,BOS,+1200,53.5,0.07692307692307693
2017-18,SAS,+1800,55.0,0.05263157894736842
2017-18,OKC,+2150,53.5,0.044444444444444446
2017-18,HOU,+2150,55.5,0.044444444444444446
2017-18,MIN,+5000,48.5,0.0196078431372549
2017-18,MIL,+8000,47.5,0.012345679012345678
2017-18,WAS,+9000,48.5,0.01098901098901099
2017-18,TOR,+15000,48.5,0.006622516556291391
2017-18,LAC,+19000,43.5,0.005235602094240838
2017-18,PHI,+19000,39.5,0.005235602094240838
2017-18,DEN,+20000,45.5,0.004975124378109453
2017-18,NOH,+22000,39.5,0.004524886877828055
2017-18,MIA,+24000,43.5,0.004149377593360996
2017-18,UTA,+25000,40.5,0.00398406374501992
2017-18,LAL,+30000,33.5,0.0033222591362126247
2017-18,POR,+31500,42.5,0.0031645569620253164
2017-18,MEM,+37000,37.5,0.0026954177897574125
2017-18,DAL,+50000,35.5,0.001996007984031936
2017-18,CHA,+50000,42.5,0.001996007984031936
2017-18,DET,+63000,38.5,0.001584786053882726
2017-18,NYK,+100000,30.5,0.000999000999000999
2017-18,PHO,+125000,28.5,0.0007993605115907274
2017-18,SAC,+125000,27.5,0.0007993605115907274
2017-18,IND,+125000,31.5,0.0007993605115907274
2017-18,ATL,+200000,25.5,0.0004997501249375312
2017-18,ORL,+250000,33.5,0.00039984006397441024
2017-18,NJN,+250000,27.5,0.00039984006397441024
2017-18,CHI,+250000,22.0,0.00039984006397441024
2018-19,GSW,-168,62.5,0.6268656716417911
2018-19,BOS,+620,59.0,0.1388888888888889
2018-19,HOU,+1000,56.5,0.09090909090909091
2018-19,LAL,+1800,48.5,0.05263157894736842
2018-19,TOR,+1850,55.5,0.05128205128205128
2018-19,PHI,+2000,53.5,0.047619047619047616
2018-19,OKC,+3800,48.5,0.02564102564102564
2018-19,UTA,+10000,49.5,0.009900990099009901
2018-19,SAS,+10000,43.5,0.009900990099009901
2018-19,NOH,+10000,45.5,0.009900990099009901
2018-19,MIL,+10000,48.0,0.009900990099009901
2018-19,WAS,+11000,45.5,0.009009009009009009
2018-19,IND,+12500,47.5,0.007936507936507936
2018-19,DEN,+20000,47.5,0.004975124378109453
2018-19,MIN,+25000,41.5,0.00398406374501992
2018-19,POR,+30000,42.0,0.0033222591362126247
2018-19,MIA,+35000,43.0,0.002849002849002849
2018-19,DET,+35000,38.5,0.002849002849002849
2018-19,NYK,+35000,28.5,0.002849002849002849
2018-19,DAL,+35000,35.5,0.002849002849002849
2018-19,LAC,+40000,37.0,0.0024937655860349127
2018-19,CLE,+50000,30.5,0.001996007984031936
2018-19,CHI,+50000,30.0,0.001996007984031936
2018-19,CHA,+50000,35.5,0.001996007984031936
2018-19,MEM,+65000,34.5,0.0015360983102918587
2018-19,ORL,+75000,31.0,0.0013315579227696406
2018-19,PHO,+75000,29.0,0.0013315579227696406
2018-19,NJN,+125000,32.0,0.0007993605115907274
2018-19,ATL,+150000,23.5,0.0006662225183211193
2018-19,SAC,+200000,26.0,0.0004997501249375312
2019-20,LAC,+425,53.5,0.19047619047619047
2019-20,LAL,+450,50.5,0.18181818181818182
2019-20,MIL,+550,57.5,0.15384615384615385
2019-20,HOU,+700,54.0,0.125
2019-20,PHI,+775,54.5,0.11428571428571428
2019-20,GSW,+950,47.5,0.09523809523809523
2019-20,UTA,+1300,53.5,0.07142857142857142
2019-20,DEN,+2000,53.0,0.047619047619047616
2019-20,BOS,+2900,48.5,0.03333333333333333
2019-20,POR,+3500,46.5,0.027777777777777776
2019-20,IND,+5000,46.5,0.0196078431372549
2019-20,NJN,+5500,43.5,0.017857142857142856
2019-20,TOR,+5500,46.5,0.017857142857142856
2019-20,MIA,+6000,43.5,0.01639344262295082
2019-20,SAS,+6000,46.5,0.01639344262295082
2019-20,DAL,+10500,40.5,0.009433962264150943
2019-20,NOH,+12500,37.5,0.007936507936507936
2019-20,SAC,+15000,37.5,0.006622516556291391
2019-20,ORL,+20000,41.5,0.004975124378109453
2019-20,ATL,+25000,33.5,0.00398406374501992
2019-20,OKC,+25000,32.5,0.00398406374501992
2019-20,DET,+25000,37.5,0.00398406374501992
2019-20,CHI,+42500,33.5,0.002347417840375587
2019-20,MIN,+50000,35.5,0.001996007984031936
2019-20,PHO,+50000,29.5,0.001996007984031936
2019-20,MEM,+100000,27.5,0.000999000999000999
2019-20,NYK,+100000,26.5,0.000999000999000999
2019-20,WAS,+125000,27.0,0.0007993605115907274
2019-20,CLE,+150000,24.5,0.0006662225183211193
2019-20,CHA,+200000,23.5,0.0004997501249375312
2020-21,LAL,+275,47.5,0.26666666666666666
2020-21,MIL,+550,49.5,0.15384615384615385
2020-21,NJN,+600,45.5,0.14285714285714285
2020-21,LAC,+650,46.5,0.13333333333333333
2020-21,BOS,+1400,44.5,0.06666666666666667
2020-21,MIA,+1800,43.5,0.05263157894736842
2020-21,DEN,+1800,44.5,0.05263157894736842
2020-21,PHI,+2000,43.5,0.047619047619047616
2020-21,DAL,+2500,42.5,0.038461538461538464
2020-21,GSW,+2500,37.5,0.038461538461538464
2020-21,TOR,+3000,42.5,0.03225806451612903
2020-21,UTA,+4000,41.5,0.024390243902439025
2020-21,POR,+4000,40.5,0.024390243902439025
2020-21,PHO,+4000,38.5,0.024390243902439025
2020-21,HOU,+5000,34.5,0.0196078431372549
2020-21,NOH,+6500,36.5,0.015151515151515152
2020-21,WAS,+10000,32.5,0.009900990099009901
2020-21,ATL,+10000,34.5,0.009900990099009901
2020-21,IND,+10000,38.5,0.009900990099009901
2020-21,MEM,+15000,31.5,0.006622516556291391
2020-21,MIN,+20000,29.5,0.004975124378109453
2020-21,OKC,+20000,22.5,0.004975124378109453
2020-21,ORL,+20000,31.5,0.004975124378109453
2020-21,CHI,+25000,29.5,0.00398406374501992
2020-21,CHA,+25000,26.5,0.00398406374501992
2020-21,SAC,+25000,28.5,0.00398406374501992
2020-21,SAS,+25000,28.5,0.00398406374501992
2020-21,NYK,+50000,21.5,0.001996007984031936
2020-21,CLE,+50000,22.5,0.001996007984031936
2020-21,DET,+50000,23.5,0.001996007984031936
2021-22,NJN,+240,56.5,0.29411764705882354
2021-22,LAL,+400,52.5,0.2
2021-22,MIL,+900,54.5,0.1
2021-22,GSW,+900,48.5,0.1
2021-22,PHO,+1500,51.5,0.0625
2021-22,UTA,+1600,52.5,0.058823529411764705
2021-22,PHI,+1600,50.5,0.058823529411764705
2021-22,LAC,+1600,45.5,0.058823529411764705
2021-22,DEN,+2200,47.5,0.043478260869565216
2021-22,MIA,+2500,48.5,0.038461538461538464
2021-22,DAL,+3000,48.5,0.03225806451612903
2021-22,ATL,+3500,47.5,0.027777777777777776
2021-22,BOS,+4000,45.5,0.024390243902439025
2021-22,POR,+5000,44.5,0.0196078431372549
2021-22,CHI,+6600,42.5,0.014925373134328358
2021-22,NYK,+8000,41.5,0.012345679012345678
2021-22,MEM,+10000,41.5,0.009900990099009901
2021-22,IND,+10000,42.5,0.009900990099009901
2021-22,NOH,+10000,39.5,0.009900990099009901
2021-22,CHA,+10000,38.5,0.009900990099009901
2021-22,WAS,+15000,33.5,0.006622516556291391
2021-22,TOR,+15000,35.5,0.006622516556291391
2021-22,SAC,+25000,36.5,0.00398406374501992
2021-22,MIN,+25000,35.5,0.00398406374501992
2021-22,SAS,+30000,28.5,0.0033222591362126247
2021-22,CLE,+50000,26.5,0.001996007984031936
2021-22,ORL,+50000,22.5,0.001996007984031936
2021-22,OKC,+50000,23.5,0.001996007984031936
2021-22,DET,+50000,24.5,0.001996007984031936
2021-22,HOU,+50000,27.5,0.001996007984031936
2022-23,BOS,+500,54.5,0.16666666666666666
2022-23,GSW,+600,52.5,0.14285714285714285
2022-23,MIL,+650,53.5,0.13333333333333333
2022-23,NJN,+700,50.5,0.125
2022-23,LAC,+700,52.5,0.125
2022-23,PHO,+1000,52.5,0.09090909090909091
2022-23,PHI,+1400,50.5,0.06666666666666667
2022-23,MIA,+1600,49.5,0.058823529411764705
2022-23,DEN,+1800,51.5,0.05263157894736842
2022-23,LAL,+1800,44.5,0.05263157894736842
2022-23,MEM,+2000,49.5,0.047619047619047616
2022-23,DAL,+2500,48.5,0.038461538461538464
2022-23,MIN,+2800,49.5,0.034482758620689655
2022-23,CLE,+3000,46.5,0.03225806451612903
2022-23,TOR,+4000,46.5,0.024390243902439025
2022-23,CHI,+4000,41.5,0.024390243902439025
2022-23,NOH,+4000,45.5,0.024390243902439025
2022-23,ATL,+5000,46.5,0.0196078431372549
2022-23,NYK,+6600,38.5,0.014925373134328358
2022-23,POR,+8000,39.5,0.012345679012345678
2022-23,CHA,+15000,34.5,0.006622516556291391
2022-23,WAS,+25000,35.5,0.00398406374501992
2022-23,DET,+50000,29.5,0.001996007984031936
2022-23,OKC,+50000,23.5,0.001996007984031936
2022-23,ORL,+50000,26.5,0.001996007984031936
2022-23,IND,+50000,24.5,0.001996007984031936
2022-23,SAC,+50000,34.5,0.001996007984031936
2022-23,SAS,+50000,22.5,0.001996007984031936
2022-23,HOU,+50000,23.5,0.001996007984031936
2022-23,UTA,+50000,23.5,0.001996007984031936
2023-24,BOS,+450,54.5,0.18181818181818182
2023-24,DEN,+450,52.5,0.18181818181818182
2023-24,PHO,+600,51.5,0.14285714285714285
2023-24,MIL,+600,54.5,0.14285714285714285
2023-24,GSW,+1200,48.5,0.07692307692307693
2023-24,LAL,+1500,47.5,0.0625
2023-24,MIA,+1600,45.5,0.058823529411764705
2023-24,PHI,+1800,48.5,0.05263157894736842
2023-24,LAC,+2200,46.5,0.043478260869565216
2023-24,MEM,+2200,45.5,0.043478260869565216
2023-24,DAL,+2500,45.5,0.038461538461538464
2023-24,CLE,+2500,50.5,0.038461538461538464
2023-24,SAC,+3500,44.5,0.027777777777777776
2023-24,NOH,+4000,44.5,0.024390243902439025
2023-24,NYK,+5000,45.5,0.0196078431372549
2023-24,MIN,+6600,44.5,0.014925373134328358
2023-24,ATL,+8000,42.5,0.012345679012345678
2023-24,TOR,+8000,36.5,0.012345679012345678
2023-24,OKC,+10000,44.5,0.009900990099009901
2023-24,CHI,+12500,37.5,0.007936507936507936
2023-24,NJN,+12500,37.5,0.007936507936507936
2023-24,POR,+12500,28.5,0.007936507936507936
2023-24,SAS,+15000,28.5,0.006622516556291391
2023-24,UTA,+25000,35.5,0.00398406374501992
2023-24,ORL,+25000,37.5,0.00398406374501992
2023-24,IND,+25000,38.5,0.00398406374501992
2023-24,HOU,+25000,31.5,0.00398406374501992
2023-24,WAS,+50000,24.5,0.001996007984031936
2023-24,CHA,+50000,31.5,0.001996007984031936
2023-24,DET,+50000,28.5,0.001996007984031936
